6.00E-05,9.526716856,,6.00E-05,8.901159204
0.00015,2.285271532,,0.00015,2.006243079
0.00024,-1.34289079,,0.00024,-1.200875832
0.00033,-2.211628618,,0.00033,-2.220533127
0.00042,-2.617786167,,0.00042,-2.62630126
0.00051,-2.021761854,,0.00051,-2.002636025
0.0006,-1.280651909,,0.0006,-1.335254296
0.0007,-1.187265518,,0.0007,-1.162060307
0.00079,-1.281802425,,0.00079,-1.282451336
0.00088,-1.343556947,,0.00088,-1.043962155
0.00097,0.081468862,,0.00097,0.502868097
0.00106,1.393886978,,0.00106,1.463803957
0.00116,1.904705309,,0.00116,1.900572226
0.00125,1.671117414,,0.00125,1.658845191
0.00134,0.262454085,,0.00134,0.131726409
0.00143,-1.06701923,,0.00143,-1.013735557
0.00152,-1.355838234,,0.00153,-1.601073149
0.00162,-1.135301016,,0.00162,-1.31011626
0.00171,-0.91548124,,0.00171,-1.11684659
0.0018,-0.350107289,,0.0018,-0.524535852
0.00189,-0.122184028,,0.00189,-0.167858526
0.00198,0.127011488,,0.00198,0.190045573
0.00208,0.2358686,,0.00208,0.41188439
0.00217,0.246368046,,0.00217,0.428977736
0.00226,0.180729261,,0.00226,0.269548008
0.00235,-0.06654277,,0.00235,0.086974109
0.00244,-0.268497672,,0.00244,-0.227746786
0.00254,-0.378691863,,0.00254,-0.463222702
0.00263,-0.508011318,,0.00263,-0.465695601
0.00272,-0.434197655,,0.00272,-0.241324868
0.00281,-0.423674496,,0.00281,-0.241324868
0.0029,-0.241449018,,0.00291,-0.003286263
0.003,0.007576247,,0.003,0.098965331
0.00309,-0.002908478,,0.00309,0.115889088
0.00318,0.007576247,,0.00318,0.116022985
0.00327,0.015898086,,0.00327,0.105526851
0.00336,0.007576247,,0.00337,-0.003286263
0.00346,0.015898086,,0.00346,-0.132696935
0.00355,0.007576247,,0.00355,-0.122217131
0.00364,-0.00947625,,0.00364,-0.122217131
0.00373,0.007576247,,0.00373,-0.122217131
0.00382,0.007576247,,0.00383,-0.122217131
0.00392,0.007576247,,0.00392,-0.122217131
0.00401,0.007576247,,0.00401,-0.122217131
0.0041,-0.002974186,,0.0041,-0.12462984
0.00419,0.007576247,,0.00419,-0.122217131
0.00428,-0.002908478,,0.00429,-0.122217131
0.00438,0.007576247,,0.00438,-0.122217131
0.00447,-0.020129636,,0.00447,-0.122217131
0.00456,0.007576247,,0.00456,-0.132696935
0.00465,-0.002908478,,0.00465,-0.122217131
0.00474,0.007576247,,0.00475,-0.132696935
0.00484,0.015898086,,0.00484,-0.122217131
0.00493,0.007576247,,0.00493,-0.122161521
0.00502,0.007576247,,0.00502,-0.122217131
0.00511,0.015898086,,0.00511,-0.122217131
0.0052,0.007576247,,0.00521,-0.152416388
0.0053,0.015898086,,0.0053,-0.139186119
0.00539,0.007576247,,0.00539,-0.139076566
0.00548,0.007576247,,0.00548,-0.122217131
0.00557,-0.020129636,,0.00557,-0.122217131
0.00566,0.007576247,,0.00567,-0.122217131
0.00576,-0.002908478,,0.00576,-0.122217131
0.00585,-0.06654277,,0.00585,-0.122217131
0.00594,-0.058019868,,0.00594,-0.122217131
0.00603,-0.06654277,,0.00603,-0.12462984
0.00612,-0.058276023,,0.00613,-0.122217131
0.00622,-0.06654277,,0.00622,-0.122217131
0.00631,-0.058276023,,0.00631,-0.122217131
0.0064,-0.06654277,,0.0064,-0.122217131
0.00649,-0.058276023,,0.00649,-0.122217131
0.00659,-0.185776482,,0.00659,-0.122217131
0.00668,-0.20274689,,0.00668,-0.132696935
0.00677,-0.213482366,,0.00677,-0.122217131
0.00686,-0.185827066,,0.00686,-0.122217131
0.00695,-0.196276731,,0.00695,-0.139186119
0.00705,-0.185776482,,0.00705,-0.122217131
0.00714,-0.17751447,,0.00714,-0.12462984
0.00723,-0.185776482,,0.00723,-0.122217131
0.00732,-0.185776482,,0.00732,-0.122217131
0.00741,-0.196276731,,0.00741,-0.122217131
0.00751,-0.185776482,,0.00751,-0.122217131
0.0076,-0.20274689,,0.0076,-0.122217131
0.00769,-0.185776482,,0.00769,-0.122217131
0.00778,-0.196276731,,0.00778,-0.132696935
0.00787,-0.185776482,,0.00787,-0.122217131
0.00797,-0.185776482,,0.00797,-0.12462984
0.00806,-0.17751447,,0.00806,-0.122217131
0.00815,-0.185776482,,0.00815,-0.122161521
0.00824,-0.185776482,,0.00824,-0.122217131
0.00833,-0.17751447,,0.00833,-0.122217131
0.00843,-0.185776482,,0.00843,-0.122217131
0.00852,-0.185776482,,0.00852,-0.122217131
0.00861,-0.20274689,,0.00861,-0.124685094
0.0087,-0.20274689,,0.0087,-0.122217131
0.00879,-0.213482366,,0.0088,-0.12462984
0.00889,-0.185776482,,0.00889,-0.122217131
0.00898,-0.17751447,,0.00898,-0.14990148
0.00907,-0.185776482,,0.00907,-0.122217131
0.00916,-0.185776482,,0.00916,-0.122217131
0.00925,-0.196276731,,0.00926,-0.122217131
0.00935,-0.185776482,,0.00935,-0.122217131
0.00944,-0.196276731,,0.00944,-0.122217131
0.00953,-0.185776482,,0.00953,-0.122217131
0.00962,-0.17751447,,0.00962,-0.122217131
0.00971,-0.185776482,,0.00972,-0.122217131
0.00981,-0.122880116,,0.00981,-0.122217131
0.0099,-0.111833822,,0.0099,-0.122217131
0.00999,-0.111833822,,0.00999,-0.12462984
0.01008,-0.184422793,,0.01008,-0.203490255
0.01017,-0.283870942,,0.01018,-0.306863313
0.01027,-0.385120893,,0.01027,-0.395582634
0.01036,-0.486887884,,0.01036,-0.486887221
0.01045,-0.448395369,,0.01045,-0.459018284
0.01054,-0.550342452,,0.01054,-0.431397594
0.01063,-0.631012871,,0.01064,-0.532973762
0.01073,-0.60524198,,0.01073,-0.624206291
0.01082,-0.70477615,,0.01082,-0.477588319
0.01091,-0.796259705,,0.01091,-0.494302996
0.011,-0.898343849,,0.011,-0.58804759
0.0111,-0.795707727,,0.0111,-0.56821883
0.01119,-0.897728607,,0.01119,-0.670263394
0.01128,-0.921005581,,0.01128,-0.632291006
0.01137,-0.876324343,,0.01137,-0.60686982
0.01146,-0.967852241,,0.01147,-0.51181941
0.01156,-1.061096528,,0.01156,-0.605930697
0.01165,-1.160947625,,0.01165,-0.695366438
0.01174,-1.16700787,,0.01174,-0.806531071
0.01184,-1.160330743,,0.01184,-0.694156809
0.01193,-1.122046064,,0.01193,-0.785768417
0.01202,-1.149503536,,0.01202,-0.760781877
0.01211,-1.230136206,,0.01212,-0.774356986
0.0122,-1.321947543,,0.01221,-0.868521984
0.0123,-1.321627817,,0.0123,-0.838280404
0.01239,-1.218899282,,0.01239,-0.854791822
0.01248,-1.304405329,,0.01249,-0.837283803
0.01257,-1.190828929,,0.01258,-0.809527914
0.01266,-1.293252903,,0.01267,-0.921027201
0.01276,-1.265081259,,0.01276,-0.797869173
0.01285,-1.348543745,,0.01285,-0.892403302
0.01294,-1.373090764,,0.01295,-0.992111955
0.01304,-1.466690036,,0.01304,-0.964482272
0.01313,-1.372302107,,0.01313,-0.980506125
0.01322,-1.336284564,,0.01323,-1.082762712
0.01331,-1.327540441,,0.01332,-1.055146879
0.0134,-1.33310074,,0.01341,-1.147234869
0.0135,-1.326440267,,0.0135,-1.045901306
0.01359,-1.407509967,,0.0136,-1.008705099
0.01368,-1.391111292,,0.01369,-0.983577426
0.01377,-1.488982859,,0.01378,-0.997047126
0.01387,-1.565516653,,0.01387,-0.96908676
0.01396,-1.470324716,,0.01397,-1.071709442
0.01405,-1.349519889,,0.01406,-1.087571213
0.01414,-1.332686965,,0.01415,-1.062458525
0.01424,-1.42424137,,0.01424,-1.152091643
0.01433,-1.387675927,,0.01434,-1.132197216
0.01442,-1.292007584,,0.01443,-1.047343263
0.01451,-1.384337633,,0.01452,-1.13954344
0.0146,-1.367340977,,0.01461,-1.166551057
0.0147,-1.459260173,,0.0147,-1.110460035
0.01479,-1.551330968,,0.0148,-1.215625651
0.01488,-1.447177733,,0.01489,-1.185278214
0.01497,-1.530835075,,0.01498,-1.200972494
0.01506,-1.528669666,,0.01507,-1.29347072
0.01516,-1.614352683,,0.01516,-1.385968946
0.01525,-1.509779796,,0.01526,-1.4886931
0.01534,-1.593769972,,0.01535,-1.4609585
0.01543,-1.574387158,,0.01544,-1.35867856
0.01552,-1.658332131,,0.01553,-1.251163677
0.01561,-1.759591121,,0.01563,-1.356515807
0.01571,-1.776680931,,0.01572,-1.44653708
0.0158,-1.757668027,,0.01581,-1.558772539
0.01589,-1.850339767,,0.0159,-1.51155042
0.01598,-1.8656715,,0.016,-1.63161635
0.01607,-1.837945826,,0.01609,-1.707310064
0.01616,-1.821187816,,0.01618,-1.722682239
0.01625,-1.919947631,,0.01627,-1.694981311
0.01634,-1.875272827,,0.01636,-1.787625584
0.01643,-1.967877572,,0.01645,-1.805483354
0.01652,-1.983253408,,0.01654,-1.895874192
0.01661,-1.955294205,,0.01663,-1.870661364
0.0167,-2.059210644,,0.01672,-1.840294386
0.01679,-2.020594557,,0.01681,-1.936031974
0.01688,-1.992701475,,0.0169,-1.948474058
0.01697,-1.887425014,,0.01699,-1.923163278
0.01706,-1.991406214,,0.01708,-2.013859862
0.01715,-2.073320097,,0.01717,-1.907976045
0.01724,-2.073756827,,0.01726,-1.880399802
0.01733,-2.017859676,,0.01735,-1.976116379
0.01742,-2.122089213,,0.01744,-2.066285214
0.01751,-2.126068061,,0.01753,-2.058541634
0.0176,-2.109624769,,0.01762,-2.01101129
0.01769,-2.070431359,,0.01772,-1.993726646
0.01778,-2.174920877,,0.01781,-2.087108927
0.01787,-2.136038574,,0.0179,-1.980976241
0.01796,-2.041297933,,0.01799,-2.074046032
0.01805,-2.123043774,,0.01808,-2.046333559
0.01814,-2.086912815,,0.01817,-2.139755197
0.01823,-2.20867572,,0.01826,-2.033534288
0.01832,-2.048644282,,0.01835,-2.005796323
0.01841,-2.133608953,,0.01844,-2.099260362
0.0185,-1.905548486,,0.01853,-2.071547737
0.01859,-1.999100268,,0.01862,-2.055016825
0.01868,-1.971385296,,0.01871,-2.13720234
0.01878,-1.965100788,,0.0188,-2.032888442
0.01887,-1.908962688,,0.01889,-2.143768094
0.01896,-1.993724471,,0.01898,-2.246228663
0.01905,-2.096188729,,0.01907,-1.989664237
0.01914,-2.110449765,,0.01916,-1.944406032
0.01923,-2.204470503,,0.01925,-1.916397266
0.01932,-1.93345439,,0.01934,-1.899650583
0.01941,-2.02725107,,0.01943,-1.860685938
0.0195,-1.999427534,,0.01952,-1.877620484
0.01959,-1.983077627,,0.01961,-1.84701816
0.01968,-1.985715958,,0.0197,-1.819087751
0.01978,-1.980166356,,0.0198,-1.923501853
0.01987,-1.860478355,,0.01989,-1.907081446
0.01996,-1.945982073,,0.01998,-1.989754584
0.02005,-1.926670209,,0.02007,-1.984506254
0.02014,-2.012336995,,0.02016,-1.731903645
0.02023,-1.91293218,,0.02025,-1.763457482
0.02032,-1.876211451,,0.02034,-1.857389908
0.02041,-1.979059988,,0.02043,-1.812067558
0.0205,-1.942381215,,0.02052,-1.906154532
0.02059,-1.762439654,,0.02061,-1.878195341
0.02068,-1.856443773,,0.02071,-1.983099298
0.02078,-1.978949229,,0.0208,-1.955305559
0.02087,-1.933394078,,0.02089,-1.858325182
0.02096,-1.905434442,,0.02098,-1.941144154
0.02105,-1.999912859,,0.02107,-1.91301674
0.02114,-1.972012222,,0.02116,-2.007463106
0.02123,-1.94386617,,0.02125,-1.899027683
0.02132,-1.968843872,,0.02134,-1.993468241
0.02141,-1.929600558,,0.02143,-1.965336981
0.0215,-2.035475813,,0.02152,-1.937557532
0.02159,-2.016101073,,0.02162,-1.961711738
0.02168,-2.120108346,,0.02171,-1.933595938
0.02177,-1.858751844,,0.0218,-1.928201102
0.02186,-1.944851678,,0.02189,-2.017914054
0.02195,-2.048508365,,0.02198,-2.115408121
0.02204,-2.011649491,,0.02207,-1.880356565
0.02213,-1.911095301,,0.02216,-1.957906378
0.02222,-1.996952572,,0.02225,-2.052286272
0.02231,-1.854860987,,0.02234,-1.943048091
0.0224,-1.838514508,,0.02243,-1.914941057
0.02249,-1.839915569,,0.02252,-1.887056497
0.02258,-1.861823371,,0.02261,-1.98479888
0.02267,-1.824875309,,0.0227,-2.076823033
0.02276,-1.910800532,,0.02279,-2.051525265
0.02285,-1.891960139,,0.02288,-1.898044445
0.02295,-1.988581962,,0.02297,-1.913683993
0.02304,-1.969696652,,0.02306,-2.006160527
0.02313,-2.06455852,,0.02316,-2.114758875
0.02322,-2.159653678,,0.02325,-2.083945313
0.02331,-2.008852415,,0.02334,-1.944638386
0.0234,-2.104113578,,0.02343,-1.965588102
0.02349,-2.199282886,,0.02352,-2.070346249
0.02358,-2.171405177,,0.02361,-2.153764731
0.02367,-2.043304252,,0.0237,-1.970252815
0.02376,-2.150639268,,0.02379,-2.062947672
0.02385,-2.233873434,,0.02388,-1.91161091
0.02394,-2.217876611,,0.02397,-1.92400725
0.02403,-2.178427091,,0.02406,-2.019846356
0.02412,-2.190751478,,0.02416,-2.125935397
0.02421,-2.150858075,,0.02425,-2.224176317
0.0243,-2.258580437,,0.02434,-1.974959427
0.02439,-2.342078144,,0.02443,-2.073318163
0.02449,-2.213463822,,0.02452,-2.183695772
0.02458,-2.04993317,,0.02461,-2.155941029
0.02467,-2.157668377,,0.0247,-1.986853977
0.02476,-2.241599851,,0.02479,-2.082636156
0.02485,-2.337335194,,0.02488,-2.198887126
0.02494,-2.10225068,,0.02497,-2.168224163
0.02503,-2.074315476,,0.02507,-2.029853499
0.02512,-2.170191915,,0.02516,-2.03927827
0.02521,-2.28609507,,0.02525,-2.120468078
0.02531,-2.182632196,,0.02534,-2.213465974
0.0254,-2.137413122,,0.02543,-1.977809669
0.02549,-2.233401857,,0.02552,-2.074068938
0.02558,-2.205468111,,0.02561,-2.169973328
0.02567,-2.084253729,,0.0257,-2.142107396
0.02576,-2.189686278,,0.0258,-2.040717387
0.02585,-2.27638083,,0.02589,-2.136977943
0.02594,-2.257819607,,0.02598,-2.108781336
0.02603,-2.13664719,,0.02607,-2.081003708
0.02613,-2.252429019,,0.02616,-2.092870254
0.02622,-2.224754433,,0.02625,-2.206855613
0.02631,-2.320887987,,0.02634,-2.178999395
0.0264,-2.332970661,,0.02643,-2.133415717
0.02649,-2.210638935,,0.02652,-2.22980396
0.02658,-2.170499683,,0.02662,-2.140210589
0.02667,-2.030796757,,0.02671,-2.100003788
0.02676,-2.01205779,,0.0268,-2.084311803
0.02685,-2.099308557,,0.02689,-2.168582948
0.02695,-2.131089492,,0.02698,-2.058476602
0.02704,-2.218222448,,0.02707,-2.027873411
0.02713,-2.199627963,,0.02716,-2.12722485
0.02722,-2.16217158,,0.02725,-1.971727939
0.02731,-2.268096235,,0.02734,-2.068424148
0.0274,-2.355596742,,0.02744,-2.071311289
0.02749,-2.394247159,,0.02753,-2.041190824
0.02758,-2.348361829,,0.02762,-2.052752727
0.02767,-2.110640259,,0.02771,-2.024603753
0.02776,-1.997426985,,0.0278,-1.9816412
0.02785,-1.963365915,,0.02789,-1.990134466
0.02794,-2.048282717,,0.02798,-2.089943512
0.02803,-2.157078623,,0.02807,-2.041358896
0.02812,-2.241747048,,0.02816,-1.927535854
0.02822,-2.361568047,,0.02826,-2.035464469
0.02831,-2.446223725,,0.02835,-2.007282716
0.0284,-2.341247073,,0.02844,-2.104466577
0.02849,-2.304826292,,0.02853,-2.201650438
0.02858,-2.392416995,,0.02862,-2.087744126
0.02867,-2.498608087,,0.02871,-2.184711085
0.02876,-2.397240523,,0.0288,-2.281574026
0.02885,-2.357051244,,0.02889,-2.128854733
0.02894,-2.466529514,,0.02899,-2.236922859
0.02903,-2.426098302,,0.02908,-2.245545429
0.02912,-2.428064217,,0.02917,-2.3656981
0.02921,-2.409648657,,0.02926,-2.231014884
0.0293,-2.497394761,,0.02935,-2.205907893
0.02939,-2.603610705,,0.02944,-2.300266407
0.02948,-2.480316435,,0.02953,-2.400525576
0.02957,-2.461781259,,0.02962,-2.494778933
0.02966,-2.559185035,,0.02971,-2.38045422
0.02975,-2.66856384,,0.0298,-2.352736531
0.02984,-2.542558972,,0.02989,-2.450141496
0.02993,-2.651740055,,0.02998,-2.461178344
0.03002,-2.611651785,,0.03007,-2.433022056
0.03011,-2.509721814,,0.03016,-2.405269305
0.0302,-2.594467919,,0.03025,-2.502709259
0.03029,-2.57521133,,0.03034,-2.513725403
0.03038,-2.452452615,,0.03043,-2.485459119
0.03047,-2.539995862,,0.03053,-2.481183305
0.03056,-2.647069106,,0.03062,-2.566180647
0.03065,-2.609705307,,0.03071,-2.681679677
0.03074,-2.716762063,,0.0308,-2.692500515
0.03083,-2.60195194,,0.03089,-2.524367363
0.03092,-2.574049098,,0.03098,-2.531981505
0.03101,-2.671715359,,0.03107,-2.632468769
0.0311,-2.781951074,,0.03116,-2.727166301
0.03119,-2.654493587,,0.03125,-2.837434414
0.03128,-2.639161502,,0.03134,-2.797191125
0.03137,-2.724381014,,0.03143,-2.897965083
0.03147,-2.778295648,,0.03152,-2.77994038
0.03156,-2.735700598,,0.03161,-2.677404955
0.03165,-2.70256335,,0.0317,-2.637317054
0.03174,-2.718448138,,0.03179,-2.521880885
0.03183,-2.685106514,,0.03188,-2.619665849
0.03192,-2.770587432,,0.03197,-2.717530087
0.03201,-2.85894772,,0.03206,-2.68983462
0.0321,-2.966243193,,0.03215,-2.665001704
0.03219,-3.064308787,,0.03224,-2.759928044
0.03228,-3.03639743,,0.03233,-2.793512135
0.03237,-2.921144931,,0.03242,-2.88628945
0.03246,-2.692524813,,0.03251,-2.840491125
0.03255,-2.438306049,,0.0326,-2.724871521
0.03264,-2.548791386,,0.03269,-2.609599001
0.03273,-2.508382331,,0.03278,-2.58172488
0.03282,-2.596878702,,0.03287,-2.679503693
0.03291,-2.717179296,,0.03296,-2.777807722
0.033,-2.820623755,,0.03305,-2.750040458
0.03309,-2.774909171,,0.03314,-2.848183263
0.03318,-2.87311219,,0.03323,-2.949487358
0.03327,-2.883234263,,0.03332,-2.956616966
0.03336,-2.855476395,,0.03341,-2.931738604
0.03345,-2.809764758,,0.0335,-3.027049965
0.03354,-2.684006898,,0.03359,-2.914020238
0.03363,-2.792032449,,0.03368,-2.863292711
0.03372,-2.675810491,,0.03378,-2.664690194
0.03381,-2.806845952,,0.03387,-2.732521987
0.0339,-2.870589923,,0.03396,-2.745576862
0.03399,-2.875561992,,0.03405,-2.714794161
0.03408,-2.961204455,,0.03414,-2.831196177
0.03417,-2.905898833,,0.03423,-2.929729696
0.03426,-2.925515662,,0.03432,-2.901815739
0.03435,-2.887786379,,0.03441,-2.982268967
0.03444,-2.996161821,,0.0345,-3.080981339
0.03453,-2.968290717,,0.03459,-3.090714816
0.03462,-2.851840316,,0.03468,-3.189170235
0.03472,-2.825511613,,0.03477,-3.035339244
0.03481,-2.832243914,,0.03486,-3.045241502
0.0349,-2.804260839,,0.03495,-3.017378316
0.03499,-2.776372593,,0.03504,-3.115915684
0.03508,-2.73906783,,0.03513,-2.873102506
0.03517,-2.845389896,,0.03522,-2.959026828
0.03526,-2.810146236,,0.03531,-3.057920848
0.03535,-2.847484935,,0.0354,-2.941119945
0.03544,-2.928391426,,0.03549,-3.040009372
0.03553,-3.027375887,,0.03558,-3.138580026
0.03562,-3.036939152,,0.03567,-3.260763175
0.03571,-2.920029459,,0.03576,-3.227817236
0.0358,-3.018760046,,0.03585,-3.203495479
0.03589,-2.990871366,,0.03594,-3.209926305
0.03598,-3.000767432,,0.03603,-3.075009342
0.03607,-2.993000182,,0.03612,-3.047136729
0.03616,-2.945077462,,0.03621,-3.14610597
0.03625,-3.056731506,,0.0363,-3.245154995
0.03634,-3.053595481,,0.03639,-3.344124237
0.03643,-3.152624241,,0.03648,-3.356705021
0.03652,-3.124776343,,0.03657,-3.325886503
0.03661,-3.236813823,,0.03666,-3.301593298
0.0367,-3.196100922,,0.03675,-3.308157487
0.03679,-3.092068898,,0.03684,-3.283313826
0.03688,-3.106604074,,0.03693,-3.379580812
0.03697,-3.06073736,,0.03703,-3.276209158
0.03706,-3.033184844,,0.03712,-3.372471184
0.03715,-3.132076279,,0.03721,-3.347909008
0.03724,-3.004874587,,0.0373,-3.372297239
0.03733,-3.113696695,,0.03739,-3.347910437
0.03742,-3.113773743,,0.03748,-3.425866345
0.03751,-3.113990244,,0.03757,-3.311284106
0.0376,-3.058182088,,0.03766,-3.407503685
0.03769,-3.167381426,,0.03775,-3.379877065
0.03778,-3.049371198,,0.03784,-3.389442939
0.03787,-3.16188404,,0.03793,-3.364856224
0.03797,-2.914852329,,0.03802,-3.461186933
0.03806,-3.027137517,,0.03811,-3.343458186
0.03815,-2.986620442,,0.0382,-3.225626438
0.03824,-3.008470492,,0.03829,-3.198161371
0.03833,-2.967895521,,0.03838,-3.207493636
0.03842,-3.080509711,,0.03847,-3.179798014
0.03851,-3.166992083,,0.03856,-3.310173941
0.0386,-3.134035959,,0.03865,-3.269698824
0.03869,-3.220669609,,0.03874,-3.353939541
0.03878,-3.115572897,,0.03883,-3.450661359
0.03887,-3.074916034,,0.03892,-3.553010953
0.03896,-3.097103875,,0.03901,-3.431927842
0.03905,-3.056501886,,0.0391,-3.386210563
0.03914,-3.169173392,,0.03919,-3.485853878
0.03923,-3.037666395,,0.03928,-3.368069999
0.03932,-3.168579511,,0.03937,-3.340094638
0.03941,-3.109606041,,0.03946,-3.222089185
0.0395,-3.22233227,,0.03955,-3.322013058
0.03959,-3.309533735,,0.03964,-3.421696589
0.03968,-3.272013025,,0.03973,-3.394001755
0.03977,-3.163577638,,0.03982,-3.493725843
0.03986,-3.125998749,,0.03991,-3.593690398
0.03995,-3.108034743,,0.04,-3.475214483
0.04004,-3.116997188,,0.04009,-3.574934262
0.04013,-3.237295457,,0.04018,-3.674974663
0.04022,-3.061685613,,0.04028,-3.658504618
0.04031,-3.161758221,,0.04037,-3.540247633
0.0404,-3.261627956,,0.04046,-3.533033357
0.04049,-3.361899663,,0.04055,-3.412037461
0.04058,-3.243326803,,0.04064,-3.493850938
0.04067,-3.356475202,,0.04073,-3.593978459
0.04076,-3.443586525,,0.04082,-3.694025728
0.04085,-3.428972142,,0.04091,-3.578449711
0.04094,-3.44321456,,0.041,-3.67548042
0.04103,-3.428648133,,0.04109,-3.778737271
0.04112,-3.278404384,,0.04118,-3.748103844
0.04122,-3.402850054,,0.04127,-3.848267689
0.04131,-3.489979183,,0.04136,-3.948472992
0.0414,-3.475563419,,0.04145,-3.829796167
0.04149,-3.562944816,,0.04154,-3.948352216
0.04158,-3.653242228,,0.04163,-3.811109745
0.04167,-3.562457275,,0.04172,-3.783860243
0.04176,-3.652948369,,0.04181,-3.88430538
0.04185,-3.744799719,,0.0419,-3.984230212
0.04194,-3.707955184,,0.04199,-3.95699315
0.04203,-3.726395809,,0.04208,-3.965893392
0.04212,-3.597230887,,0.04217,-3.938023414
0.04221,-3.579869069,,0.04226,-4.038963562
0.0423,-3.680292846,,0.04235,-4.139527604
0.04239,-3.574093747,,0.04244,-4.112063878
0.04248,-3.661639555,,0.04253,-4.120648367
0.04257,-3.632261784,,0.04262,-4.221256985
0.04266,-3.75316926,,0.04271,-4.212376806
0.04275,-3.825578286,,0.0428,-4.074953713
0.04284,-3.7159535,,0.04289,-4.086796798
0.04293,-3.816653522,,0.04298,-4.056372595
0.04302,-3.697358501,,0.04307,-4.157096526
0.04311,-3.669960842,,0.04316,-4.257418307
0.0432,-3.655904627,,0.04325,-4.243532442
0.04329,-3.651200317,,0.04334,-4.111171139
0.04338,-3.637043934,,0.04343,-4.225086694
0.04347,-3.504139516,,0.04353,-4.231493407
0.04356,-3.508258342,,0.04362,-4.23585964
0.04365,-3.577774023,,0.04371,-4.177299922
0.04374,-3.45803442,,0.0438,-4.153402112
0.04383,-3.558941628,,0.04389,-4.030675214
0.04392,-3.51315988,,0.04398,-4.13144366
0.04401,-3.614119999,,0.04407,-4.139856013
0.0441,-3.622582515,,0.04416,-4.112664986
0.04419,-3.595239019,,0.04425,-4.213751643
0.04428,-3.696195116,,0.04434,-4.094260296
0.04437,-3.687386788,,0.04443,-4.194825993
0.04447,-3.547057104,,0.04452,-4.181253475
0.04456,-3.509994311,,0.04461,-4.268799111
0.04465,-3.620992118,,0.0447,-4.244952022
0.04474,-3.500919757,,0.04479,-4.237015842
0.04483,-3.486993705,,0.04488,-4.194949731
0.04492,-3.574766667,,0.04497,-4.292462032
0.04501,-3.560856749,,0.04506,-4.044154989
0.0451,-3.555893477,,0.04515,-4.145827876
0.04519,-3.54167171,,0.04524,-4.246521301
0.04528,-3.629873031,,0.04533,-4.255124825
0.04537,-3.731313331,,0.04542,-4.228117732
0.04546,-3.610881091,,0.04551,-4.350629993
0.04555,-3.583914408,,0.0456,-4.227608129
0.04564,-3.68520365,,0.04569,-4.200504319
0.04573,-3.658229511,,0.04578,-4.283544582
0.04582,-3.535735214,,0.04587,-4.25954488
0.04591,-3.500739518,,0.04596,-4.136592223
0.046,-3.48342129,,0.04605,-4.241063454
0.04609,-3.482079793,,0.04614,-4.339304019
0.04618,-3.593163975,,0.04623,-4.312384453
0.04627,-3.565980014,,0.04632,-4.192244687
0.04636,-3.680691799,,0.04641,-4.293708306
0.04645,-3.769123992,,0.0465,-4.394848573
0.04654,-3.661750967,,0.04659,-4.36786345
0.04663,-3.750302261,,0.04668,-4.37615332
0.04672,-3.619396959,,0.04678,-4.360485221
0.04681,-3.749844687,,0.04687,-4.240299994
0.0469,-3.822854692,,0.04696,-4.341912125
0.04699,-3.806044168,,0.04705,-4.443411174
0.04708,-3.779235349,,0.04714,-4.416542643
0.04717,-3.881060085,,0.04723,-4.518088998
0.04726,-3.888944094,,0.04732,-4.397575161
0.04735,-3.861964293,,0.04741,-4.499117686
0.04744,-3.869859008,,0.0475,-4.600660212
0.04753,-3.843178483,,0.04759,-4.574201174
0.04762,-3.94499564,,0.04768,-4.581993905
0.04772,-3.961249826,,0.04777,-4.681720651
0.04781,-3.808630637,,0.04786,-4.675366756
0.0479,-3.924169811,,0.04795,-4.555084295
0.04799,-4.012598733,,0.04804,-4.638473966
0.04808,-4.104505883,,0.04813,-4.61191272
0.04817,-4.216566829,,0.04822,-4.713537844
0.04826,-4.179773222,,0.04831,-4.686958895
0.04835,-3.974702719,,0.0484,-4.695036237
0.04844,-3.937720358,,0.04849,-4.796462754
0.04853,-3.92119501,,0.04858,-4.769424071
0.04862,-4.013496087,,0.04867,-4.872091432
0.04871,-3.920785849,,0.04876,-4.87994873
0.0488,-4.012563784,,0.04885,-4.981811194
0.04889,-3.977695502,,0.04894,-4.955512695
0.04898,-3.97550654,,0.04903,-4.834716677
0.04907,-3.94060268,,0.04912,-4.954883814
0.04916,-3.913671034,,0.04921,-4.910204628
0.04925,-4.029240589,,0.0493,-4.918144306
0.04934,-4.118098953,,0.04939,-4.89173183
0.04943,-4.126254677,,0.04948,-4.993762387
0.04952,-4.08941278,,0.04957,-4.873183176
0.04961,-4.072949855,,0.04966,-4.846720565
0.0497,-4.090732101,,0.04975,-4.948598811
0.04979,-4.17959309,,0.04984,-5.050912037
0.04988,-4.142689201,,0.04993,-4.930076191
0.04997,-4.031703286,,0.05003,-5.063941816
0.05006,-4.018873582,,0.05012,-5.035689205
0.05015,-3.96011307,,0.05021,-5.025049315
0.05024,-4.076200675,,0.0503,-5.126839139
0.05033,-4.165484648,,0.05039,-5.101120645
0.05042,-4.281584452,,0.05048,-5.056520942
0.05051,-4.241564886,,0.05057,-5.158819774
0.0506,-4.344238013,,0.05066,-5.132578153
0.05069,-4.21250955,,0.05075,-5.0115829
0.05078,-4.196307764,,0.05084,-5.117465446
0.05087,-4.169906386,,0.05093,-4.992941576
0.05097,-4.188818505,,0.05102,-5.098817257
0.05106,-4.181330586,,0.05111,-5.099504122
0.05115,-4.279221013,,0.0512,-5.076683455
0.05124,-4.143775338,,0.05129,-5.175851791
0.05133,-4.246772645,,0.05138,-5.281602039
0.05142,-4.220564529,,0.05147,-5.380445195
0.05151,-4.323281952,,0.05156,-5.372976312
0.0516,-4.42632636,,0.05165,-5.38045101
0.05169,-4.529125529,,0.05174,-5.3396729
0.05178,-4.536463732,,0.05183,-5.457170496
0.05187,-4.529154004,,0.05192,-5.299205653
0.05196,-4.389039116,,0.05201,-5.273365574
0.05205,-4.376427794,,0.0521,-5.152269777
0.05214,-4.370347278,,0.05219,-5.254937259
0.05223,-4.35803724,,0.05228,-5.357686129
0.05232,-4.44717567,,0.05237,-5.236711087
0.05241,-4.411068365,,0.05246,-5.339374993
0.0525,-4.524415511,,0.05255,-5.442038899
0.05259,-4.617327603,,0.05264,-5.416122035
0.05268,-4.634741174,,0.05273,-5.522149483
0.05277,-4.608837525,,0.05282,-5.62135599
0.05286,-4.600360314,,0.05291,-5.598821695
0.05295,-4.608732827,,0.053,-5.602996858
0.05304,-4.56441163,,0.05309,-5.580779402
0.05313,-4.442501231,,0.05318,-5.474517573
0.05322,-4.54599045,,0.05328,-5.44524785
0.05331,-4.413821893,,0.05337,-5.44921766
0.0534,-4.431889953,,0.05346,-5.426962544
0.05349,-4.395534681,,0.05355,-5.430941612
0.05358,-4.413317374,,0.05364,-5.534007839
0.05367,-4.377082332,,0.05373,-5.508453536
0.05376,-4.508951171,,0.05382,-5.611053328
0.05385,-4.607611843,,0.05391,-5.714167183
0.05394,-4.568206081,,0.054,-5.81709306
0.05403,-4.685219981,,0.05409,-5.696055982
0.05412,-4.665061568,,0.05418,-5.799168069
0.05422,-4.640645296,,0.05427,-5.901766153
0.05431,-4.564080525,,0.05436,-5.87655379
0.0544,-4.516936137,,0.05445,-5.870218971
0.05449,-4.381500247,,0.05454,-5.620429765
0.05458,-4.369062893,,0.05463,-5.723382587
0.05467,-4.329473672,,0.05472,-5.602270291
0.05476,-4.221728719,,0.05481,-5.718933381
0.05485,-4.311366395,,0.0549,-5.679788079
0.05494,-4.42884838,,0.05499,-5.796593282
0.05503,-4.389277701,,0.05508,-5.790430535
0.05512,-4.506633993,,0.05517,-5.778422263
0.05521,-4.500570963,,0.05526,-5.868204981
0.0553,-4.617822611,,0.05535,-5.985090433
0.05539,-4.707659468,,0.05544,-5.850155187
0.05548,-4.695913998,,0.05553,-5.985443992
0.05557,-4.541823001,,0.05562,-5.928098351
0.05566,-4.410651327,,0.05571,-5.806952307
0.05575,-4.52363267,,0.0558,-5.781428051
0.05584,-4.481265919,,0.05589,-5.659992615
0.05593,-4.601982711,,0.05598,-5.538796087
0.05602,-4.566040339,,0.05607,-5.517046677
0.05611,-4.680176106,,0.05616,-5.617152663
0.0562,-4.547930334,,0.05625,-5.627947377
0.05629,-4.661845812,,0.05634,-5.599078679
0.05638,-4.659133691,,0.05643,-5.705786738
0.05647,-4.643913646,,0.05653,-5.817398576
0.05656,-4.608117334,,0.05662,-5.9261128
0.05665,-4.626057037,,0.05671,-5.897447778
0.05674,-4.382882231,,0.0568,-6.01573268
0.05683,-4.478495311,,0.05689,-5.87774293
0.05692,-4.442952107,,0.05698,-5.871039094
0.05701,-4.55714148,,0.05707,-5.860413318
0.0571,-4.449120049,,0.05716,-5.738600756
0.05719,-4.5394589,,0.05725,-5.864074605
0.05728,-4.643373312,,0.05734,-5.8172348
0.05737,-4.653080915,,0.05743,-5.69931982
0.05747,-4.655657281,,0.05752,-5.780904551
0.05756,-4.515454552,,0.05761,-5.902972951
0.05765,-4.619364057,,0.0577,-5.89199408
0.05774,-4.713154546,,0.05779,-5.995806155
0.05783,-4.827823664,,0.05788,-5.970722589
0.05792,-4.69549724,,0.05797,-6.074578064
0.05801,-4.809831999,,0.05806,-6.178351711
0.0581,-4.9036091,,0.05815,-6.153371093
0.05819,-4.792524536,,0.05824,-6.174413026
0.05828,-4.904857995,,0.05833,-6.136038919
0.05837,-4.742080002,,0.05842,-6.028183702
0.05846,-4.609676084,,0.05851,-5.989662471
0.05855,-4.724355915,,0.0586,-5.871943842
0.05864,-4.602485228,,0.05869,-5.843334685
0.05873,-4.706619534,,0.05878,-5.721953274
0.05882,-4.800794318,,0.05887,-5.825750956
0.05891,-4.800092854,,0.05896,-5.929650198
0.059,-4.890823889,,0.05905,-6.033775716
0.05909,-5.008722796,,0.05914,-6.009189662
0.05918,-4.891602918,,0.05923,-6.112953329
0.05927,-4.991096323,,0.05932,-6.123761331
0.05936,-4.855648344,,0.05941,-6.224191497
0.05945,-4.844343903,,0.0595,-6.328313842
0.05954,-4.935081424,,0.05959,-6.303768437
0.05963,-4.8273719,,0.05968,-6.407938962
0.05972,-4.788427127,,0.05978,-6.527362825
0.05981,-4.882764735,,0.05987,-6.402138599
0.0599,-4.641614071,,0.05996,-6.524931358
0.05999,-4.735664202,,0.06005,-6.481762669
0.06008,-4.851152991,,0.06014,-6.364069787
0.06017,-4.980347379,,0.06023,-6.464657224
0.06026,-5.060512088,,0.06032,-6.347019191
0.06035,-5.179022563,,0.06041,-6.318938175
0.06044,-5.043020561,,0.0605,-6.329974784
0.06053,-5.05114636,,0.06059,-6.430462759
0.06062,-5.044443174,,0.06068,-6.406190725
0.06072,-5.045561433,,0.06077,-6.51054196
0.06081,-5.006777518,,0.06086,-6.499897765
0.0609,-4.855972188,,0.06095,-6.590553493
0.06099,-4.971304598,,0.06104,-6.601148944
0.06108,-4.936420142,,0.06113,-6.573595235
0.06117,-4.954674925,,0.06122,-6.697561112
0.06126,-5.067433225,,0.06131,-6.784233454
0.06135,-5.164440609,,0.0614,-6.678351573
0.06144,-5.129616736,,0.06149,-6.765446666
0.06153,-5.244904168,,0.06158,-6.741358514
0.06162,-5.350076223,,0.06167,-6.620022837
0.06171,-5.228049366,,0.06176,-6.595885108
0.0618,-5.333135701,,0.06185,-6.603257999
0.06189,-5.193385203,,0.06194,-6.450601337
0.06198,-5.18676294,,0.06203,-6.457754911
0.06207,-5.176663349,,0.06212,-6.562377846
0.06216,-4.911291175,,0.06221,-6.667083002
0.06225,-4.908906549,,0.0623,-6.643214397
0.06234,-5.024208463,,0.06239,-6.747885329
0.06243,-5.137698597,,0.06248,-6.755041944
0.06252,-5.23446028,,0.06257,-6.859661771
0.06261,-5.2101498,,0.06266,-6.964281598
0.0627,-5.315518001,,0.06275,-6.962304966
0.06279,-5.420815405,,0.06284,-7.045106695
0.06288,-5.312773743,,0.06293,-6.927752762
0.06297,-5.40411738,,0.06303,-6.911811328
0.06306,-5.380340307,,0.06312,-6.794136076
0.06315,-5.244459276,,0.06321,-6.637104385
0.06324,-5.234335862,,0.0633,-6.741626123
0.06333,-5.228109136,,0.06339,-6.717877521
0.06342,-5.236765229,,0.06348,-6.822956696
0.06351,-5.180401913,,0.06357,-6.830236323
0.0636,-5.29955188,,0.06366,-6.934935104
0.06369,-5.293350121,,0.06375,-7.054015706
0.06378,-5.412697616,,0.06384,-7.016488721
0.06387,-5.374915022,,0.06393,-7.124963454
0.06397,-5.506293174,,0.06402,-7.226461169
0.06406,-5.597711027,,0.06411,-7.334935902
0.06415,-5.619430412,,0.0642,-7.212342764
0.06424,-5.581624431,,0.06429,-7.318742392
0.06433,-5.572132257,,0.06438,-7.212236843
0.06442,-5.565609455,,0.06447,-7.17404467
0.06451,-5.328586971,,0.06456,-7.049351824
0.0646,-5.290931139,,0.06465,-7.024889138
0.06469,-5.281350753,,0.06474,-6.905052963
0.06478,-5.27486682,,0.06483,-7.013721649
0.06487,-5.2653754,,0.06492,-7.115008608
0.06496,-5.357190176,,0.06501,-7.092029554
0.06505,-5.323397291,,0.0651,-7.197055565
0.06514,-5.359897252,,0.06519,-7.302411508
0.06523,-5.436748905,,0.06528,-7.30940812
0.06532,-5.423621727,,0.06537,-7.286506513
0.06541,-5.431086632,,0.06546,-7.391859522
0.0655,-5.421827723,,0.06555,-7.368306344
0.06559,-5.286834922,,0.06564,-7.473701447
0.06568,-5.406096719,,0.06573,-7.48130767
0.06577,-5.368959,,0.06582,-7.461912295
0.06586,-5.358972008,,0.06591,-7.336921275
0.06595,-5.353534961,,0.066,-7.464228591
0.06604,-5.301600095,,0.06609,-7.419325376
0.06613,-5.288492876,,0.06618,-7.298312879
0.06622,-5.285814401,,0.06628,-7.415346204
0.06631,-5.402319701,,0.06637,-7.392967214
0.0664,-5.497960996,,0.06646,-7.400036089
0.06649,-5.6143044,,0.06655,-7.505470703
0.06658,-5.501307058,,0.06664,-7.482846487
0.06667,-5.47005735,,0.06673,-7.588329311
0.06676,-5.565731078,,0.06682,-7.595633674
0.06685,-5.552978164,,0.06691,-7.572709023
0.06694,-5.649141176,,0.067,-7.678519394
0.06703,-5.538127937,,0.06709,-7.787338095
0.06712,-5.504582175,,0.06718,-7.761291998
0.06722,-5.569374577,,0.06727,-7.662490089
0.06731,-5.519872677,,0.06736,-7.618023656
0.0674,-5.618335924,,0.06745,-7.500634907
0.06749,-5.713866444,,0.06754,-7.247943897
0.06758,-5.603272604,,0.06763,-7.141088368
0.06767,-5.699002276,,0.06772,-7.104457923
0.06776,-5.815935987,,0.06781,-7.115944167
0.06785,-5.782827357,,0.0679,-7.217941866
0.06794,-5.801189707,,0.06799,-7.19872414
0.06803,-5.921273683,,0.06808,-7.301092106
0.06812,-5.786189216,,0.06817,-7.437017733
0.06821,-5.77804405,,0.06826,-7.530937351
0.0683,-5.775698294,,0.06835,-7.522820761
0.06839,-5.738633818,,0.06844,-7.59635704
0.06848,-5.726257326,,0.06853,-7.603785147
0.06857,-5.832706611,,0.06862,-7.581596922
0.06866,-5.953568946,,0.06871,-7.687447496
0.06875,-5.818146484,,0.0688,-7.646934029
0.06884,-5.914533326,,0.06889,-7.654599913
0.06893,-6.031545344,,0.06898,-7.760453955
0.06902,-5.999261907,,0.06907,-7.7386089
0.06911,-6.115783814,,0.06916,-7.745723876
0.0692,-6.156568173,,0.06925,-7.723944294
0.06929,-6.101730997,,0.06934,-7.829761033
0.06938,-6.222330769,,0.06943,-7.807822466
0.06947,-6.186063023,,0.06953,-7.845786323
0.06956,-6.079259383,,0.06962,-7.951770502
0.06965,-6.043130169,,0.06971,-8.03946482
0.06974,-6.163922132,,0.0698,-8.035623089
0.06983,-6.157718135,,0.06989,-8.127476349
0.06992,-6.154294181,,0.06998,-8.229550774
0.07001,-6.261116164,,0.07007,-8.208368096
0.0701,-6.135985805,,0.07016,-8.314356604
0.07019,-6.228601554,,0.07025,-8.420593993
0.07028,-6.349732387,,0.07034,-8.300205638
0.07037,-6.313765901,,0.07043,-8.406440302
0.07047,-6.322903474,,0.07052,-8.285870002
0.07056,-6.311616152,,0.07061,-8.264746779
0.07065,-6.442728876,,0.0707,-8.275686839
0.07074,-6.316403434,,0.07079,-8.250560652
0.07083,-6.265797144,,0.07088,-8.257964938
0.07092,-6.254814175,,0.07097,-8.236522341
0.07101,-6.123629232,,0.07106,-8.243932948
0.0711,-6.112341023,,0.07115,-8.226635953
0.07119,-5.98154152,,0.07124,-8.328830362
0.07128,-6.099202107,,0.07133,-8.435395572
0.07137,-6.195949765,,0.07142,-8.560094975
0.07146,-6.103892797,,0.07151,-8.524156301
0.07155,-6.182345504,,0.0716,-8.627173778
0.07164,-6.152740188,,0.07169,-8.60602757
0.07173,-6.150521894,,0.07178,-8.613093027
0.07182,-6.139360655,,0.07187,-8.620880126
0.07191,-6.133498376,,0.07196,-8.472045131
0.072,-6.241052731,,0.07205,-8.483261214
0.07209,-6.347721432,,0.07214,-8.458554715
0.07218,-6.326735409,,0.07223,-8.451876434
0.07227,-6.452474743,,0.07232,-8.33549297
0.07236,-6.413056712,,0.07241,-8.44229993
0.07245,-6.282198244,,0.0725,-8.403037206
0.07254,-6.17263819,,0.07259,-8.509815495
0.07263,-6.269273952,,0.07268,-8.503206893
0.07272,-6.159919786,,0.07278,-8.621660949
0.07281,-6.128388883,,0.07287,-8.728465228
0.0729,-6.147147998,,0.07296,-8.838927486
0.07299,-6.278109407,,0.07305,-8.814211002
0.07308,-6.252049754,,0.07314,-8.924782041
0.07317,-6.341038664,,0.07323,-8.928866426
0.07326,-6.448326431,,0.07332,-8.812873591
0.07335,-6.55578254,,0.07341,-8.915764915
0.07344,-6.435856612,,0.0735,-8.799762773
0.07353,-6.415294348,,0.07359,-8.775418075
0.07362,-6.437992684,,0.07368,-8.688350266
0.07372,-6.414626461,,0.07377,-8.409083507
0.07381,-6.309034717,,0.07386,-8.388340656
0.0739,-6.402545203,,0.07395,-8.49518959
0.07399,-6.396085356,,0.07404,-8.375798267
0.07408,-6.408888545,,0.07413,-8.482645876
0.07417,-6.38419593,,0.07422,-8.589655114
0.07426,-6.477819552,,0.07431,-8.567674292
0.07435,-6.599533554,,0.0744,-8.68006538
0.07444,-6.465536337,,0.07449,-8.684065372
0.07453,-6.488446579,,0.07458,-8.794637509
0.07462,-6.581774991,,0.07467,-8.898250026
0.07471,-6.575453471,,0.07476,-8.877980972
0.0748,-6.703280171,,0.07485,-8.885714611
0.07489,-6.568163836,,0.07494,-8.847568312
0.07498,-6.657822269,,0.07503,-8.954294036
0.07507,-6.765185328,,0.07512,-8.934408849
0.07516,-6.74520748,,0.07521,-8.946100732
0.07525,-6.767555886,,0.0753,-9.049759995
0.07534,-6.733547465,,0.07539,-9.033476569
0.07543,-6.727366923,,0.07548,-8.910462307
0.07552,-6.722044991,,0.07557,-9.021384643
0.07561,-6.691947214,,0.07566,-8.89836314
0.0757,-6.582738311,,0.07575,-8.87860365
0.07579,-6.714500401,,0.07584,-9.003912755
0.07588,-6.65492989,,0.07593,-9.092890234
0.07597,-6.559638994,,0.07603,-9.113444968
0.07606,-6.659836423,,0.07612,-9.093338187
0.07615,-6.629262594,,0.07621,-9.20475833
0.07624,-6.648932788,,0.0763,-9.20875452
0.07633,-6.629121039,,0.07639,-9.188928363
0.07642,-6.638042641,,0.07648,-9.296237845
0.07651,-6.618305333,,0.07657,-9.276847519
0.0766,-6.744550538,,0.07666,-9.284757471
0.07669,-6.597034254,,0.07675,-9.391894482
0.07678,-6.587883653,,0.07684,-9.372765723
0.07687,-6.696130477,,0.07693,-9.253994173
0.07697,-6.570915095,,0.07702,-9.36151201
0.07706,-6.541322581,,0.07711,-9.116005902
0.07715,-6.432943919,,0.0772,-9.223569728
0.07724,-6.403228529,,0.07729,-9.105035312
0.07733,-6.42296736,,0.07738,-8.986520988
0.07742,-6.392983847,,0.07747,-9.094081075
0.07751,-6.5115416,,0.07756,-9.223418801
0.0776,-6.481951053,,0.07765,-9.200387585
0.07769,-6.600715182,,0.07774,-9.311938757
0.07778,-6.609987584,,0.07783,-9.396933085
0.07787,-6.718156261,,0.07792,-9.400325724
0.07796,-6.699028468,,0.07801,-9.504173908
0.07805,-6.821780184,,0.0781,-9.593805421
0.07814,-6.816586033,,0.07819,-9.601776191
0.07823,-6.787095605,,0.07828,-9.583117359
0.07832,-6.679592445,,0.07837,-9.691101021
0.07841,-6.659264319,,0.07846,-9.798581981
0.0785,-6.556483851,,0.07855,-9.810212889
0.07859,-6.65110521,,0.07864,-9.787820018
0.07868,-6.773327858,,0.07873,-9.773126004
0.07877,-6.86828991,,0.07882,-9.777298406
0.07886,-6.862990746,,0.07891,-9.885277114
0.07895,-6.957563576,,0.079,-9.99292161
0.07904,-6.854093169,,0.07909,-9.973978643
0.07913,-6.948749522,,0.07918,-9.982636805
0.07922,-7.071202987,,0.07928,-9.975959048
0.07931,-7.038797215,,0.07937,-10.08397881
0.0794,-6.910294,,0.07946,-9.965656553
0.07949,-7.02956877,,0.07955,-10.07367384
0.07958,-6.901790938,,0.07964,-9.955847351
0.07967,-6.893416886,,0.07973,-10.08168562
0.07976,-6.991862857,,0.07982,-9.919751583
0.07985,-7.111034671,,0.07991,-9.92786987
0.07994,-7.092669199,,0.08,-9.913592073
0.08003,-7.08022312,,0.08009,-9.909742333
0.08012,-7.065704973,,0.08018,-9.787331572
0.08022,-7.065704973,,0.08027,-9.783503002
0.08031,-7.065704973,,0.08036,-9.684093805
0.0804,-6.938886605,,0.08045,-9.684093805
0.08049,-6.829408462,,0.08054,-9.684093805
0.08058,-6.839589297,,0.08063,-9.684093805
0.08067,-6.839589297,,0.08072,-9.684093805
0.08076,-6.853985628,,0.08081,-9.561196666
0.08085,-6.839589297,,0.0809,-9.557762117
0.08094,-6.853985628,,0.08099,-9.561196666
0.08103,-6.839589297,,0.08108,-9.557762117
0.08112,-6.829408462,,0.08117,-9.559954231
0.08121,-6.873770137,,0.08126,-9.557762117
0.0813,-6.858051908,,0.08135,-9.571940424
0.08139,-6.871971005,,0.08144,-9.557762117
0.08148,-6.839589297,,0.08153,-9.557762117
0.08157,-6.853985628,,0.08162,-9.557762117
0.08166,-6.839589297,,0.08171,-9.557762117
0.08175,-6.829963106,,0.0818,-9.557762117
0.08184,-6.839589297,,0.08189,-9.557762117
0.08193,-6.829963106,,0.08198,-9.557762117
0.08202,-6.839589297,,0.08207,-9.571940424
0.08211,-6.829963106,,0.08216,-9.557762117
0.0822,-6.839589297,,0.08225,-9.561492762
0.08229,-6.829408462,,0.08234,-9.557762117
0.08238,-6.839589297,,0.08243,-9.561492762
0.08247,-6.839589297,,0.08253,-9.557762117
0.08256,-6.858051908,,0.08262,-9.580170948
0.08265,-6.858051908,,0.08271,-9.557762117
0.08274,-6.853985628,,0.0828,-9.561492762
0.08283,-6.839589297,,0.08289,-9.557762117
0.08292,-6.853985628,,0.08298,-9.561492762
0.08301,-6.839589297,,0.08307,-9.557762117
0.0831,-6.839589297,,0.08316,-9.561492762
0.08319,-6.839589297,,0.08325,-9.557762117
0.08328,-6.839589297,,0.08334,-9.561492762
0.08337,-6.839589297,,0.08343,-9.557762117
0.08347,-6.853985628,,0.08352,-9.561492762
0.08356,-6.858051908,,0.08361,-9.559937703
0.08365,-6.726829954,,0.0837,-9.561492762
0.08374,-6.712657992,,0.08379,-9.557762117
0.08383,-6.726829954,,0.08388,-9.561492762
0.08392,-6.712657992,,0.08397,-9.431629892
0.08401,-6.726829954,,0.08406,-9.431629892
0.0841,-6.712657992,,0.08415,-9.431629892
0.08419,-6.76054466,,0.08424,-9.431629892
0.08428,-6.712657992,,0.08433,-9.445545799
0.08437,-6.701997105,,0.08442,-9.431629892
0.08446,-6.712657992,,0.08451,-9.435402445
0.08455,-6.701997105,,0.0846,-9.431629892
0.08464,-6.712657992,,0.08469,-9.445837353
0.08473,-6.701997105,,0.08478,-9.431629892
0.08482,-6.712657992,,0.08487,-9.435402445
0.08491,-6.712657992,,0.08496,-9.431629892
0.085,-6.726670364,,0.08505,-9.435402445
0.08509,-6.712657992,,0.08514,-9.447244584
0.08518,-6.726829954,,0.08523,-9.435402445
0.08527,-6.730741225,,0.08532,-9.431629892
0.08536,-6.726670364,,0.08541,-9.435402445
0.08545,-6.712657992,,0.0855,-9.431629892
0.08554,-6.712657992,,0.08559,-9.435402445
0.08563,-6.712657992,,0.08568,-9.431629892
0.08572,-6.712657992,,0.08578,-9.336301225
0.08581,-6.712657992,,0.08587,-9.332250148
0.0859,-6.712657992,,0.08596,-9.336301225
0.08599,-6.668276441,,0.08605,-9.332250148
0.08608,-6.712657992,,0.08614,-9.332250148
0.08617,-6.701997105,,0.08623,-9.332250148
0.08626,-6.712657992,,0.08632,-9.332250148
0.08635,-6.726829954,,0.08641,-9.332250148
0.08644,-6.712657992,,0.0865,-9.332250148
0.08653,-6.726829954,,0.08659,-9.332250148
0.08662,-6.712657992,,0.08668,-9.332250148
0.08672,-6.76054466,,0.08677,-9.332250148
0.08681,-6.730900225,,0.08686,-9.332250148
0.0869,-6.712657992,,0.08695,-9.332250148
0.08699,-6.712657992,,0.08704,-9.350043671
0.08708,-6.712657992,,0.08713,-9.364481362
0.08717,-6.701997105,,0.08722,-9.350043671
0.08726,-6.712657992,,0.08731,-9.336301225
0.08735,-6.712657992,,0.0874,-9.332250148
0.08744,-6.726829954,,0.08749,-9.336301225
0.08753,-6.712657992,,0.08758,-9.332250148
0.08762,-6.726829954,,0.08767,-9.332531211
0.08771,-6.712657992,,0.08776,-9.332250148
0.0878,-6.712657992,,0.08785,-9.332250148
0.08789,-6.701997105,,0.08794,-9.332250148
0.08798,-6.712657992,,0.08803,-9.332250148
0.08807,-6.701997105,,0.08812,-9.346103013
0.08816,-6.712657992,,0.08821,-9.332250148
0.08825,-6.702536531,,0.0883,-9.346103013
0.08834,-6.712657992,,0.08839,-9.332250148
0.08843,-6.702222037,,0.08848,-9.332250148
0.08852,-6.712657992,,0.08857,-9.332250148
0.08861,-6.702536531,,0.08866,-9.332250148
0.0887,-6.712657992,,0.08875,-9.332250148
0.08879,-6.701997105,,0.08884,-9.332250148
0.08888,-6.712657992,,0.08893,-9.332250148
0.08897,-6.701997105,,0.08903,-9.350043671
0.08906,-6.712657992,,0.08912,-9.332250148
0.08915,-6.701997105,,0.08921,-9.332250148
0.08924,-6.712657992,,0.0893,-9.332250148
0.08933,-6.720464567,,0.08939,-9.332250148
0.08942,-6.712657992,,0.08948,-9.332250148
0.08951,-6.726829954,,0.08957,-9.346103013
0.0896,-6.712657992,,0.08966,-9.332250148
0.08969,-6.701997105,,0.08975,-9.336301225
0.08978,-6.712657992,,0.08984,-9.332250148
0.08987,-6.726829954,,0.08993,-9.332250148
0.08997,-6.730900225,,0.09002,-9.332250148
0.09006,-6.701997105,,0.09011,-9.336301225
0.09015,-6.712657992,,0.0902,-9.350043671
0.09024,-6.701997105,,0.09029,-9.336301225
0.09033,-6.712657992,,0.09038,-9.332250148
0.09042,-6.701997105,,0.09047,-9.332250148
0.09051,-6.712657992,,0.09056,-9.332250148
0.0906,-6.712657992,,0.09065,-9.332250148
0.09069,-6.712657992,,0.09074,-9.336301225
0.09078,-6.730900225,,0.09083,-9.332250148
0.09087,-6.712657992,,0.09092,-9.332531211
0.09096,-6.701997105,,0.09101,-9.332250148
0.09105,-6.712657992,,0.0911,-9.336301225
0.09114,-6.712657992,,0.09119,-9.332250148
0.09123,-6.726829954,,0.09128,-9.346103013
0.09132,-6.712657992,,0.09137,-9.332250148
0.09141,-6.702536531,,0.09146,-9.346103013
0.0915,-6.712657992,,0.09155,-9.332250148
0.09159,-6.720780492,,0.09164,-9.332250148
0.09168,-6.712657992,,0.09173,-9.332250148
0.09177,-6.712275269,,0.09182,-9.332250148
0.09186,-6.712657992,,0.09191,-9.332250148
0.09195,-6.712657992,,0.092,-9.336301225
0.09204,-6.712657992,,0.09209,-9.332250148
0.09213,-6.712657992,,0.09218,-9.336301225
0.09222,-6.726829954,,0.09228,-9.332250148
0.09231,-6.712657992,,0.09237,-9.364481362
0.0924,-6.712657992,,0.09246,-9.332250148
0.09249,-6.701997105,,0.09255,-9.332250148
0.09258,-6.730900225,,0.09264,-9.332250148
0.09267,-6.701997105,,0.09273,-9.336301225
0.09276,-6.712657992,,0.09282,-9.332250148
0.09285,-6.712657992,,0.09291,-9.346103013
0.09294,-6.712657992,,0.093,-9.332250148
0.09303,-6.712657992,,0.09309,-9.332250148
0.09312,-6.726829954,,0.09318,-9.332250148
0.09322,-6.712657992,,0.09327,-9.346103013
0.09331,-6.701997105,,0.09336,-9.332250148
0.0934,-6.712657992,,0.09345,-9.336301225
0.09349,-6.735938751,,0.09354,-9.332250148
0.09358,-6.730900225,,0.09363,-9.346103013
0.09367,-6.701997105,,0.09372,-9.332250148
0.09376,-6.712657992,,0.09381,-9.36188729
0.09385,-6.701997105,,0.0939,-9.350043671
0.09394,-6.712657992,,0.09399,-9.33601977
0.09403,-6.701997105,,0.09408,-9.332250148
0.09412,-6.712657992,,0.09417,-9.33601977
0.09421,-6.712657992,,0.09426,-9.332250148
0.0943,-6.712657992,,0.09435,-9.336301225
0.09439,-6.730900225,,0.09444,-9.332250148
0.09448,-6.726829954,,0.09453,-9.346103013
0.09457,-6.712657992,,0.09462,-9.332250148
0.09466,-6.575540623,,0.09471,-9.346103013
0.09475,-6.585337895,,0.0948,-9.332250148
0.09484,-6.575540623,,0.09489,-9.336301225
0.09493,-6.585337895,,0.09498,-9.332250148
0.09502,-6.575540623,,0.09507,-9.336301225
0.09511,-6.585337895,,0.09516,-9.332250148
0.0952,-6.575236344,,0.09525,-9.336301225
0.09529,-6.585337895,,0.09534,-9.332250148
0.09538,-6.585337895,,0.09543,-9.350043671
0.09547,-6.599516214,,0.09553,-9.350043671
0.09556,-6.569852156,,0.09562,-9.334760503
0.09565,-6.593488611,,0.09571,-9.347868256
0.09574,-6.603589886,,0.0958,-9.347868256
0.09583,-6.593488611,,0.09589,-9.350043671
0.09592,-6.585337895,,0.09598,-9.332250148
0.09601,-6.599516214,,0.09607,-9.332250148
0.0961,-6.585337895,,0.09616,-9.332250148
0.09619,-6.575236344,,0.09625,-9.336301225
0.09628,-6.585337895,,0.09634,-9.332250148
0.09637,-6.575236344,,0.09643,-9.332250148
0.09647,-6.585337895,,0.09652,-9.332250148
0.09656,-6.617605269,,0.09661,-9.332250148
0.09665,-6.585337895,,0.0967,-9.332250148
0.09674,-6.575236344,,0.09679,-9.332250148
0.09683,-6.585337895,,0.09688,-9.332250148
0.09692,-6.575236344,,0.09697,-9.332250148
0.09701,-6.585337895,,0.09706,-9.332250148
0.0971,-6.599516214,,0.09715,-9.332250148
0.09719,-6.585337895,,0.09724,-9.332250148
0.09728,-6.599516214,,0.09733,-9.332250148
0.09737,-6.603589886,,0.09742,-9.350043671
0.09746,-6.599516214,,0.09751,-9.332250148
0.09755,-6.585337895,,0.0976,-9.332250148
0.09764,-6.599516214,,0.09769,-9.332250148
0.09773,-6.585337895,,0.09778,-9.332250148
0.09782,-6.575236344,,0.09787,-9.332250148
0.09791,-6.585337895,,0.09796,-9.332250148
0.098,-6.585184741,,0.09805,-9.332250148
0.09809,-6.599361755,,0.09814,-9.336301225
0.09818,-6.585337895,,0.09823,-9.332250148
0.09827,-6.599361755,,0.09832,-9.336301225
0.09836,-6.603589886,,0.09841,-9.332250148
0.09845,-6.617605269,,0.0985,-9.336301225
0.09854,-6.585337895,,0.09859,-9.332250148
0.09863,-6.575236344,,0.09868,-9.332250148
0.09872,-6.585337895,,0.09878,-9.350043671
0.09881,-6.575236344,,0.09887,-9.336301225
0.0989,-6.585337895,,0.09896,-9.332250148
0.09899,-6.575236344,,0.09905,-9.336301225
0.09908,-6.585337895,,0.09914,-9.332250148
0.09917,-6.575236344,,0.09923,-9.336301225
0.09926,-6.585337895,,0.09932,-9.332250148
0.09935,-6.585337895,,0.09941,-9.336301225
0.09944,-6.619410909,,0.0995,-9.332250148
0.09953,-6.593488611,,0.09959,-9.336301225
0.09962,-6.585337895,,0.09968,-9.332250148
0.09972,-6.585337895,,0.09977,-9.336301225
0.09981,-6.599516214,,0.09986,-9.332250148
0.0999,-6.585337895,,0.09995,-9.332250148
0.09999,-6.599516214,,0.10004,-9.28411905
0.10008,-6.489006544,,0.10013,-9.176136995
0.10017,-6.380031338,,0.10022,-9.072190842
0.10026,-6.289325598,,0.10031,-8.960340905
0.10035,-6.17626708,,0.1004,-8.852192
0.10044,-6.053268014,,0.10049,-8.744209945
0.10053,-5.958597769,,0.10059,-8.6240912
0.10062,-5.835902244,,0.10068,-8.516444015
0.10071,-5.716697671,,0.10077,-8.40829511
0.10081,-5.606217206,,0.10086,-8.300229922
0.1009,-5.487200967,,0.10095,-8.192582737
0.10099,-5.388604672,,0.10104,-8.088580167
0.10108,-5.378270618,,0.10113,-7.976619797
0.10117,-5.28348542,,0.10122,-7.868637742
0.10126,-5.160856584,,0.10131,-7.760823707
0.10135,-5.164716285,,0.10141,-7.656586945
0.10144,-5.059864459,,0.1015,-7.548945955
0.10153,-4.947068239,,0.10159,-7.443397217
0.10163,-4.910536178,,0.10168,-7.335589351
0.10172,-4.815878843,,0.10177,-7.227781485
0.10181,-4.692980358,,0.10186,-7.101633616
0.1019,-4.573945445,,0.10195,-6.99381958
0.10199,-4.573965609,,0.10204,-6.900303614
0.10208,-4.454828497,,0.10214,-6.76638852
0.10217,-4.35632353,,0.10223,-6.658574484
0.10226,-4.345838501,,0.10232,-6.550760449
0.10235,-4.236968406,,0.10241,-6.442946414
0.10245,-4.116175168,,0.1025,-6.335132378
0.10254,-4.119930212,,0.10259,-6.231275197
0.10263,-3.997049434,,0.10268,-6.217711133
0.10272,-4.123298536,,0.10277,-6.113619113
0.10281,-4.006232386,,0.10286,-6.001981986
0.1029,-3.911755199,,0.10296,-5.886081292
0.10299,-3.887367747,,0.10305,-5.872159094
0.10308,-3.792362257,,0.10314,-5.768187452
0.10317,-3.669780353,,0.10323,-5.656582866
0.10326,-3.673437951,,0.10332,-5.646727403
0.10335,-3.550545243,,0.10341,-5.542873396
0.10344,-3.455741145,,0.1035,-5.528984318
0.10353,-3.431511114,,0.10359,-5.541298667
0.10362,-3.312182825,,0.10368,-5.429471687
0.10371,-3.312504733,,0.10378,-5.295247903
0.1038,-3.316667971,,0.10387,-5.312017452
0.10389,-3.322390712,,0.10396,-5.302173902
0.10399,-3.349028874,,0.10405,-5.295857243
0.10408,-3.19148685,,0.10414,-5.184136775
0.10417,-3.09681043,,0.10423,-5.178121552
0.10426,-2.973519708,,0.10432,-5.165084042
0.10435,-2.953242053,,0.10441,-5.0570565
0.10444,-2.953575869,,0.10451,-4.955408853
0.10453,-2.834205721,,0.1046,-4.927608869
0.10462,-2.83488445,,0.10469,-4.918078582
0.10471,-2.715385588,,0.10478,-4.809951781
0.1048,-2.845320326,,0.10487,-4.800433467
0.10489,-2.725978699,,0.10496,-4.923259202
0.10498,-2.62725199,,0.10505,-4.811464947
0.10507,-2.617511067,,0.10514,-4.717451078
0.10516,-2.621747284,,0.10523,-4.613873681
0.10525,-2.517362409,,0.10533,-4.592597386
0.10534,-2.403834684,,0.10542,-4.4659515
0.10543,-2.409977636,,0.10551,-4.470536298
0.10552,-2.400251246,,0.1056,-4.348423887
0.10561,-2.390850256,,0.10569,-4.343000223
0.1057,-2.281592473,,0.10578,-4.458813116
0.10579,-2.172838259,,0.10587,-4.354611159
0.10588,-2.078005421,,0.10596,-4.24268278
0.10597,-2.054013931,,0.10605,-4.13838451
0.10606,-1.959230921,,0.10615,-4.113185505
0.10615,-1.835920912,,0.10624,-4.11812015
0.10625,-1.70426026,,0.10633,-3.995796392
0.10634,-1.849082317,,0.10642,-3.909920929
0.10643,-1.855813889,,0.10651,-3.896958813
0.10652,-1.83556986,,0.1066,-4.002062666
0.10661,-1.737208059,,0.10669,-3.890462918
0.1067,-1.652442065,,0.10678,-3.785984468
0.1068,-1.507211795,,0.10687,-3.674300299
0.10689,-1.596954469,,0.10697,-3.554035055
0.10698,-1.502368075,,0.10706,-3.544946956
0.10707,-1.378919244,,0.10715,-3.535668792
0.10716,-1.284127998,,0.10724,-3.427372433
0.10726,-1.148562198,,0.10733,-3.418503782
0.10735,-1.072840423,,0.10742,-3.329000383
0.10744,-1.160255196,,0.10751,-3.449312369
0.10753,-1.151048295,,0.1076,-3.340970643
0.10762,-1.0419506,,0.10769,-3.214453793
0.10772,-0.920760261,,0.10778,-3.205540137
0.10781,-0.95627541,,0.10788,-3.085063277
0.1079,-0.833224943,,0.10797,-3.07636828
0.10799,-0.813140431,,0.10806,-2.967929191
0.10808,-0.845144252,,0.10815,-2.973242298
0.10818,-0.713480894,,0.10824,-2.968122099
0.10827,-0.615115365,,0.10833,-2.856092464
0.10836,-0.636904115,,0.10842,-2.747636374
0.10845,-0.528068245,,0.10851,-2.868830564
0.10854,-0.769022169,,0.1086,-2.776804649
0.10864,-0.693467954,,0.10869,-2.670881627
0.10873,-0.699186553,,0.10878,-2.544301892
0.10882,-0.604608585,,0.10887,-2.435843285
0.10891,-0.594004681,,0.10896,-2.427132806
0.109,-0.760774411,,0.10905,-2.318885963
0.1091,-1.130602366,,0.10914,-2.214213665
0.10919,-1.036527684,,0.10923,-2.20162411
0.10928,-0.913748184,,0.10932,-2.097254768
0.10937,-0.795084845,,0.10941,-2.134110649
0.10946,-0.827600848,,0.10951,-2.009313258
0.10956,-0.856410001,,0.1096,-1.887020535
0.10965,-0.878955969,,0.10969,-1.792978289
0.10974,-0.789120909,,0.10978,-1.769904021
0.10983,-0.924568309,,0.10987,-1.665192582
0.10992,-1.013070601,,0.10996,-1.553569497
0.11002,-0.90688501,,0.11006,-1.433164891
0.11011,-0.784624876,,0.11015,-1.455751062
0.1102,-0.821119818,,0.11024,-1.446498902
0.11029,-0.829824175,,0.11033,-1.36099607
0.11038,-0.866256956,,0.11042,-1.249038899
0.11048,-0.732099265,,0.11052,-1.113844329
0.11057,-0.656821807,,0.11061,-1.002135342
0.11066,-0.646906922,,0.1107,-1.123706777
0.11075,-0.757865662,,0.11079,-1.029842239
0.11084,-0.660332136,,0.11088,-0.907618922
0.11094,-0.660715689,,0.11098,-0.791134761
0.11103,-0.693954092,,0.11107,-0.909198492
0.11112,-0.586325873,,0.11116,-0.801154955
0.11121,-0.478400368,,0.11125,-0.693190281
0.1113,-0.632581825,,0.11134,-0.58506195
0.1114,-0.611320633,,0.11144,-0.596221323
0.11149,-0.503125284,,0.11153,-0.586935327
0.11158,-0.540634389,,0.11162,-0.624106585
0.11167,-0.568539086,,0.11171,-0.502214812
0.11176,-0.587224193,,0.1118,-0.394294353
0.11186,-0.453404995,,0.1119,-0.423742001
0.11195,-0.589057603,,0.11199,-0.414921765
0.11204,-0.598415751,,0.11208,-0.569277284
0.11213,-0.480610661,,0.11217,-0.596226122
0.11222,-0.383378454,,0.11226,-0.597041724
0.11232,-0.395093313,,0.11236,-0.49959559
0.11241,-0.418810321,,0.11245,-0.631934071
0.1125,-0.441199897,,0.11254,-0.757457631
0.11259,-0.343604642,,0.11263,-0.646066806
0.11268,-0.489974456,,0.11272,-0.538737105
0.11278,-0.360194288,,0.11282,-0.550353514
0.11287,-0.26368723,,0.11291,-0.705016191
0.11296,-0.25391646,,0.113,-0.597652958
0.11305,-0.278059209,,0.11309,-0.588358436
0.11314,-0.268571859,,0.11318,-0.611977211
0.11324,-0.315573885,,0.11328,-0.624168158
0.11333,-0.304626054,,0.11337,-0.530855574
0.11342,-0.211281558,,0.11346,-0.638748656
0.11351,-0.221483437,,0.11355,-0.793745448
0.1136,-0.235113142,,0.11364,-0.686509439
0.1137,-0.258036644,,0.11374,-0.569836997
0.11379,-0.140739186,,0.11383,-0.591413247
0.11388,-0.286684119,,0.11392,-0.634437804
0.11397,-0.31596617,,0.11401,-0.53078043
0.11406,-0.222917218,,0.1141,-0.649131443
0.11416,-0.221555493,,0.1142,-0.665243928
0.11425,-0.259740818,,0.11429,-0.554440425
0.11434,-0.270704589,,0.11438,-0.582188757
0.11443,-0.137248299,,0.11447,-0.602964158
0.11452,-0.076129996,,0.11456,-0.738866288
0.11462,-0.083766276,,0.11466,-0.625387965
0.11471,-0.191304207,,0.11475,-0.513472298
0.1148,-0.074621332,,0.11484,-0.392838859
0.11489,0.021831075,,0.11493,-0.551999011
0.11498,-0.124327618,,0.11502,-0.539235133
0.11508,-0.016394836,,0.11512,-0.555614059
0.11517,-0.030985947,,0.11521,-0.445333989
0.11526,0.016195138,,0.1153,-0.47232838
0.11535,0.021396045,,0.11539,-0.363263048
0.11544,-0.071275712,,0.11548,-0.485485018
0.11554,0.036760208,,0.11558,-0.498513331
0.11563,0.153208454,,0.11567,-0.391502122
0.11572,0.249374031,,0.11576,-0.299345531
0.11581,0.223933398,,0.11585,-0.310231683
0.1159,0.198840498,,0.11594,-0.338443772
0.116,0.230577196,,0.11604,-0.445132959
0.11609,0.194914354,,0.11613,-0.361082063
0.11618,0.150810268,,0.11622,-0.25107242
0.11627,0.27589911,,0.11631,-0.257512095
0.11636,0.250736308,,0.1164,-0.379796415
0.11646,0.368401247,,0.1165,-0.392827663
0.11655,0.34262321,,0.11659,-0.286831777
0.11664,0.20722939,,0.11668,-0.180329997
0.11673,0.327060363,,0.11677,-0.209235698
0.11682,0.433064526,,0.11686,-0.327717592
0.11692,0.418842075,,0.11696,-0.213532371
0.11701,0.525555362,,0.11705,-0.235256164
0.1171,0.403095599,,0.11714,-0.128839398
0.11719,0.508893135,,0.11723,-0.154465882
0.11728,0.483235294,,0.11732,-0.179624098
0.11738,0.600839001,,0.11742,-0.062087971
0.11747,0.479002975,,0.11751,0.043907901
0.11756,0.42070983,,0.1176,-0.116867727
0.11765,0.540016805,,0.11769,-0.026100202
0.11774,0.650861948,,0.11778,0.095031418
0.11784,0.78184478,,0.11788,-0.011849712
0.11793,0.742044568,,0.11797,0.090488891
0.11802,0.729613845,,0.11806,0.068301707
0.11811,0.750305413,,0.11815,0.174166107
0.1182,0.713641548,,0.11824,0.016808484
0.1183,0.841023478,,0.11834,0.002580296
0.11839,0.936821161,,0.11843,0.107804389
0.11848,1.033274785,,0.11852,0.117530151
0.11857,0.919998372,,0.11861,0.091341147
0.11866,0.903574001,,0.1187,0.046782261
0.11876,0.783413893,,0.1188,0.163806523
0.11885,0.899536212,,0.11889,0.137715233
0.11894,0.862251917,,0.11898,-0.038963243
0.11903,0.882625461,,0.11907,-0.06507502
0.11912,0.845742932,,0.11916,0.04042377
0.11922,0.973256281,,0.11926,0.157247723
0.11931,0.789610937,,0.11935,0.171756476
0.1194,0.795699983,,0.11944,0.027819633
0.11949,0.805370192,,0.11953,0.133029935
0.11959,0.800646241,,0.11962,0.106524352
0.11968,0.896172167,,0.11972,0.220094669
0.11977,0.641904772,,0.11981,0.196962874
0.11986,0.652024186,,0.1199,0.170204904
0.11995,0.757279773,,0.11999,0.275280576
0.12005,0.874110416,,0.12008,0.28488594
0.12014,0.847282302,,0.12018,0.270196972
0.12023,0.938420293,,0.12027,0.243509227
0.12032,1.057460009,,0.12036,0.203121417
0.12041,0.803415213,,0.12045,0.32166962
0.12051,0.693110104,,0.12055,0.437873301
0.1206,0.79786159,,0.12064,0.41082909
0.12069,0.807793673,,0.12073,0.364205144
0.12078,0.767325189,,0.12082,0.338418135
0.12087,0.850589565,,0.12091,0.344566052
0.12097,0.875083254,,0.12101,0.483192841
0.12106,1.012272291,,0.1211,0.452784679
0.12115,0.971534504,,0.12119,0.560911505
0.12124,0.863002786,,0.12128,0.533821168
0.12133,0.83634841,,0.12137,0.635123095
0.12143,0.725545467,,0.12147,0.396432264
0.12152,0.589449527,,0.12156,0.497453234
0.12161,0.578040164,,0.12165,0.605406194
0.1217,0.691139837,,0.12174,0.483391786
0.12179,0.545102218,,0.12183,0.456010172
0.12189,0.671637195,,0.12193,0.572098809
0.12198,0.766373148,,0.12202,0.676670734
0.12207,0.835905091,,0.12211,0.649209297
0.12216,0.976179915,,0.1222,0.659132674
0.12225,0.863774761,,0.12229,0.763377491
0.12235,0.742885927,,0.12239,0.865947505
0.12244,0.630507825,,0.12248,0.851930568
0.12253,0.593266508,,0.12257,0.85820625
0.12262,0.698178684,,0.12266,0.834102657
0.12271,0.802582098,,0.12275,0.698920439
0.12281,0.919048611,,0.12285,0.814801902
0.1229,0.872773036,,0.12294,0.820848723
0.12299,0.768636879,,0.12303,0.928768745
0.12308,0.873730049,,0.12312,0.901185764
0.12317,0.846239929,,0.12321,1.005733918
0.12327,0.867393213,,0.12331,0.894835937
0.12336,0.972180718,,0.1234,0.999387271
0.12345,0.835813133,,0.12349,0.858062684
0.12354,0.821808612,,0.12358,0.751541755
0.12363,0.817778529,,0.12367,0.859094645
0.12373,0.928623764,,0.12377,0.971508603
0.12382,1.038432212,,0.12386,0.928068985
0.12391,0.927755252,,0.12395,1.03224204
0.124,0.756365622,,0.12404,1.136415096
0.12409,0.779271633,,0.12413,1.014113261
0.12419,0.654316578,,0.12423,0.903507059
0.12428,0.772593565,,0.12432,0.781327213
0.12437,0.72586398,,0.12441,0.731092884
0.12446,0.830455195,,0.1245,0.744239432
0.12455,0.935094286,,0.12459,0.731767988
0.12465,0.955778157,,0.12469,0.850661643
0.12474,0.928192311,,0.12478,0.951398198
0.12483,0.867359106,,0.12487,0.832368237
0.12492,0.777904176,,0.12496,0.936179056
0.12501,0.641500692,,0.12505,0.908351522
0.12511,0.543908098,,0.12515,0.929672494
0.1252,0.648331505,,0.12524,0.807079246
0.12529,0.752215829,,0.12533,0.910894897
0.12538,0.843132172,,0.12542,0.882956762
0.12547,0.828596862,,0.12551,0.760515572
0.12557,0.836134766,,0.12561,0.781671007
0.12566,0.821553667,,0.1257,0.753641171
0.12575,0.936340499,,0.12579,0.854024944
0.12584,0.935149042,,0.12588,0.829268303
0.12593,1.030624922,,0.12597,0.835236616
0.12603,1.1551468,,0.12607,0.954361916
0.12612,1.137227787,,0.12616,0.828556959
0.12621,1.231176974,,0.12625,0.801273805
0.1263,1.335078849,,0.12634,0.813107262
0.12639,1.212033463,,0.12643,0.690648247
0.12649,1.327800023,,0.12653,0.674132512
0.12658,1.418200219,,0.12662,0.669844549
0.12667,1.403607209,,0.12671,0.786807935
0.12676,1.29103212,,0.1268,0.758766356
0.12685,1.384958103,,0.12689,0.862366297
0.12695,1.354563302,,0.12699,0.74792511
0.12704,1.471634377,,0.12708,0.723271227
0.12713,1.481049409,,0.12717,0.582231158
0.12722,1.320766559,,0.12726,0.478199407
0.12731,1.349005593,,0.12735,0.581761415
0.12741,1.464444196,,0.12745,0.696899539
0.1275,1.436087299,,0.12754,0.574216033
0.12759,1.429824481,,0.12763,0.677781438
0.12768,1.417190592,,0.12772,0.78142915
0.12777,1.280750793,,0.12781,0.884994554
0.12787,1.277380444,,0.12791,0.642226018
0.12796,1.140938919,,0.128,0.635757128
0.12805,1.163704643,,0.12809,0.491372699
0.12814,1.253993505,,0.12818,0.497076504
0.12823,1.255951639,,0.12827,0.604174437
0.12833,1.354054866,,0.12837,0.583680723
0.12842,1.457894691,,0.12846,0.690216947
0.12851,1.321340607,,0.12855,0.793786191
0.1286,1.306250825,,0.12864,0.803111974
0.12869,1.170106948,,0.12873,0.906318119
0.12879,1.072366247,,0.12883,0.875914444
0.12888,1.162262452,,0.12892,0.992575721
0.12897,1.052972139,,0.12901,1.092439935
0.12906,1.14310199,,0.1291,1.199160943
0.12915,1.128086936,,0.12919,1.054231716
0.12925,1.210610678,,0.12929,1.040466169
0.12934,1.346461756,,0.12938,1.008569904
0.12943,1.365508099,,0.12947,1.021120676
0.12952,1.326929918,,0.12956,1.124317189
0.12961,1.204282907,,0.12965,1.227431531
0.12971,1.319084452,,0.12975,1.210150999
0.1298,1.182735199,,0.12984,1.313489383
0.12989,1.140683432,,0.12993,1.190844451
0.12998,1.163157161,,0.13002,1.158582588
0.13007,1.102338986,,0.13011,1.171551796
0.13017,1.230387838,,0.13021,1.043463482
0.13026,1.343679396,,0.1303,1.149961627
0.13035,1.269338768,,0.13039,1.253050219
0.13044,1.389508373,,0.13048,1.224023073
0.13053,1.285470472,,0.13057,1.326818947
0.13063,1.268293693,,0.13067,1.334514617
0.13072,1.26358353,,0.13076,1.31895418
0.13081,1.248676312,,0.13085,1.421751785
0.1309,1.244158696,,0.13094,1.299156038
0.13099,1.360565376,,0.13103,1.138705967
0.13109,1.311140838,,0.13113,1.159308943
0.13118,1.222322403,,0.13122,1.262067132
0.13127,1.334172427,,0.13131,1.361694571
0.13136,1.426963787,,0.1314,1.467543691
0.13145,1.40789605,,0.13149,1.567183078
0.13155,1.418476202,,0.13159,1.440418417
0.13164,1.389362557,,0.13168,1.411545467
0.13173,1.267068412,,0.13177,1.289044031
0.13182,1.369879394,,0.13186,1.185498092
0.13191,1.472834755,,0.13195,1.288082346
0.13201,1.493401981,,0.13205,1.402316247
0.1321,1.464100172,,0.13214,1.279750091
0.13219,1.567129602,,0.13223,1.38258217
0.13229,1.549584728,,0.13232,1.471761366
0.13238,1.426846782,,0.13241,1.362775183
0.13247,1.51651598,,0.13251,1.331477276
0.13256,1.275554669,,0.1326,1.447607645
0.13266,1.376124452,,0.13269,1.321758786
0.13275,1.398595564,,0.13278,1.202603443
0.13284,1.356386782,,0.13287,1.305152595
0.13293,1.472340874,,0.13297,1.194177757
0.13303,1.464898432,,0.13306,1.165453626
0.13312,1.333874851,,0.13315,1.254384984
0.13321,1.303237032,,0.13324,1.370151445
0.1333,1.312047212,,0.13333,1.36061234
0.1334,1.436325998,,0.13343,1.474294747
0.13349,1.413807901,,0.13352,1.239251589
0.13358,1.274724255,,0.13361,1.209971173
0.13368,1.388716248,,0.1337,1.219342638
0.13377,1.397546696,,0.13379,1.190097504
0.13386,1.355123104,,0.13389,1.172220875
0.13395,1.4710832,,0.13398,1.181526461
0.13405,1.439964031,,0.13407,1.283678457
0.13414,1.33092993,,0.13416,1.386263529
0.13423,1.21837699,,0.13426,1.368322009
0.13433,1.190560106,,0.13435,1.470098923
0.13442,1.292809286,,0.13444,1.348263751
0.13451,1.288724667,,0.13453,1.335177283
0.1346,1.404394865,,0.13462,1.32822046
0.1347,1.373438064,,0.13472,1.214192169
0.13479,1.395604655,,0.13481,1.169321205
0.13488,1.353017424,,0.1349,1.271390499
0.13498,1.348504639,,0.13499,1.373648106
0.13507,1.338249913,,0.13509,1.262700562
0.13516,1.32861692,,0.13518,1.35141934
0.13526,1.198780231,,0.13527,1.373868219
0.13535,1.156269478,,0.13537,1.352849841
0.13544,1.271695965,,0.13546,1.32675352
0.13553,1.360670811,,0.13555,1.336007865
0.13563,1.263095789,,0.13564,1.437947915
0.13572,1.375641391,,0.13574,1.547201978
0.13581,1.467165421,,0.13583,1.425174615
0.13591,1.435860971,,0.13592,1.303174142
0.136,1.454503514,,0.13602,1.266620056
0.13609,1.300515481,,0.13611,1.373627376
0.13618,1.191603929,,0.1362,1.489007853
0.13628,1.202309133,,0.1363,1.356495982
0.13637,1.201244245,,0.13639,1.368760313
0.13646,1.303292478,,0.13648,1.339357692
0.13656,1.403490632,,0.13657,1.441259713
0.13665,1.518786941,,0.13667,1.554354617
0.13674,1.480525895,,0.13676,1.43235295
0.13683,1.44114859,,0.13685,1.534011714
0.13693,1.554487631,,0.13695,1.515959488
0.13702,1.418874108,,0.13704,1.394157202
0.13711,1.441405535,,0.13713,1.27228107
0.13721,1.409953106,,0.13722,1.129711097
0.1373,1.301384023,,0.13732,1.231315356
0.13739,1.413125235,,0.13741,1.346418726
0.13748,1.373853176,,0.1375,1.332534925
0.13758,1.468049744,,0.1376,1.448215888
0.13767,1.468941427,,0.13769,1.313446072
0.13776,1.229791542,,0.13778,1.191750874
0.13786,1.329348501,,0.13787,1.162440207
0.13795,1.220865713,,0.13797,1.271773742
0.13804,1.309120078,,0.13806,1.153534029
0.13813,1.293202933,,0.13815,1.03178489
0.13823,1.392623615,,0.13825,1.013999424
0.13832,1.284014055,,0.13834,0.98457869
0.13841,1.162136742,,0.13843,0.990670973
0.13851,1.144378107,,0.13852,1.07640667
0.1386,1.225323595,,0.13862,1.185780244
0.13869,1.184737633,,0.13871,1.290385691
0.13878,1.187015856,,0.1388,1.279473082
0.13888,1.063739608,,0.1389,1.169399971
0.13897,1.17844296,,0.13899,1.029431343
0.13906,1.043536437,,0.13908,0.986813418
0.13916,1.169423686,,0.13917,0.989470317
0.13925,1.139772128,,0.13927,1.006506809
0.13934,1.228046554,,0.13936,1.11090106
0.13943,1.211787578,,0.13945,1.081651916
0.13953,1.088670563,,0.13955,1.19399203
0.13962,1.07240056,,0.13964,1.164839364
0.13971,1.072815858,,0.13973,1.030622802
0.13981,1.044808506,,0.13982,1.144456772
0.1399,1.045566886,,0.13992,1.031648824
0.13999,1.04346642,,0.14001,1.005247071
0.14009,1.025478125,,0.1401,0.884007737
0.14018,1.034375463,,0.1402,0.993377658
0.14027,1.005333535,,0.14029,0.967230584
0.14036,1.106162666,,0.14038,0.976420487
0.14046,0.996344228,,0.14047,0.934032463
0.14055,0.93496938,,0.14057,0.837413299
0.14064,1.049423085,,0.14066,0.917465272
0.14074,0.944875141,,0.14075,0.890355265
0.14083,0.928756781,,0.14085,1.002192743
0.14092,0.818120755,,0.14094,0.869372709
0.14101,0.908776809,,0.14103,0.982245321
0.14111,1.007436926,,0.14112,1.083137495
0.1412,0.972771147,,0.14122,0.973247082
0.14129,0.981877479,,0.14131,0.852668091
0.14139,0.963853928,,0.1414,0.823466841
0.14148,1.064561996,,0.1415,0.840867711
0.14157,0.953806451,,0.14159,0.814519377
0.14166,0.823279547,,0.14168,0.915263683
0.14176,0.944840755,,0.14178,1.027017711
0.14185,0.892562919,,0.14187,0.997484021
0.14194,1.006291014,,0.14196,0.858468121
0.14204,1.117970395,,0.14205,0.756480816
0.14213,1.069881814,,0.14215,0.868191752
0.14222,1.084834464,,0.14224,0.968491199
0.14231,1.068442327,,0.14233,1.056243925
0.14241,0.946459951,,0.14243,1.050994838
0.1425,1.060001024,,0.14252,1.060286942
0.14259,1.078989313,,0.14261,1.017967513
0.14269,0.921084402,,0.1427,1.040307822
0.14278,1.031427183,,0.1428,1.019244788
0.14287,1.030916092,,0.14289,0.992805138
0.14296,1.112806863,,0.14298,1.002448451
0.14306,1.113035733,,0.14308,1.113803124
0.14315,1.084710943,,0.14317,1.084476262
0.14324,1.080144418,,0.14326,1.054935967
0.14334,1.075004161,,0.14335,1.046179295
0.14343,0.941828335,,0.14345,1.027585529
0.14352,1.054871573,,0.14354,0.908450204
0.14361,0.944454795,,0.14363,1.023077641
0.14371,1.046080444,,0.14373,0.898957618
0.1438,1.016608438,,0.14382,0.884862178
0.14389,0.906491373,,0.14391,0.974997276
0.14399,1.007855983,,0.144,0.868384333
0.14408,0.970251467,,0.1441,0.979285664
0.14417,0.969647065,,0.14419,1.079393229
0.14426,0.968762361,,0.14428,1.046826341
0.14436,1.070025424,,0.14438,0.941463667
0.14445,0.949987293,,0.14447,0.818818106
0.14454,1.037197888,,0.14456,0.921695621
0.14464,1.03181037,,0.14465,1.021767014
0.14473,0.922088278,,0.14475,1.114151081
0.14482,1.011964873,,0.14484,1.103180746
0.14491,0.970012231,,0.14493,0.983570009
0.14501,1.09383601,,0.14503,0.965408699
0.1451,0.965254337,,0.14512,1.051931613
0.14519,0.944703485,,0.14521,0.906629462
0.14529,1.065290923,,0.1453,0.916079525
0.14538,1.026027244,,0.1454,0.808008824
0.14547,0.906673503,,0.14549,0.907835383
0.14557,1.017279832,,0.14558,0.875270863
0.14566,0.998202758,,0.14568,0.989270586
0.14575,0.855929901,,0.14577,0.959644275
0.14584,0.968573526,,0.14586,0.956843901
0.14594,0.937409152,,0.14595,0.780043517
0.14603,0.94925654,,0.14605,0.672231965
0.14612,0.904696407,,0.14614,0.681945788
0.14622,0.880774878,,0.14623,0.652824358
0.14631,0.878006283,,0.14633,0.742695515
0.1464,0.861471247,,0.14642,0.715545893
0.14649,0.81950894,,0.14651,0.811780897
0.14659,0.942628966,,0.1466,0.932665313
0.14668,0.922989226,,0.1467,1.04309386
0.14677,0.86529441,,0.14679,0.906074268
0.14687,0.896044306,,0.14688,1.023537325
0.14696,1.003901116,,0.14698,1.002274118
0.14705,0.974739413,,0.14707,0.975805852
0.14714,0.843304168,,0.14716,0.946255655
0.14724,0.837736679,,0.14726,0.838962156
0.14733,0.946658836,,0.14735,0.937988123
0.14742,1.035750984,,0.14744,0.908530453
0.14752,0.938320055,,0.14753,1.007471469
0.14761,1.02744751,,0.14763,0.90059061
0.1477,0.998063591,,0.14772,0.986472813
0.14779,0.867160686,,0.14781,0.969724639
0.14789,0.971182158,,0.14791,1.076832207
0.14798,0.970431471,,0.148,1.050370927
0.14807,0.930725267,,0.14809,0.911805916
0.14817,1.050144771,,0.14818,0.796092375
0.14826,0.922651458,,0.14828,0.795805137
0.14835,0.89315533,,0.14837,0.767112425
0.14844,0.775009656,,0.14846,0.865260396
0.14854,0.885008721,,0.14856,0.846683358
0.14863,0.971016693,,0.14865,0.945341201
0.14872,0.9542274,,0.14874,0.827683289
0.14882,0.904723197,,0.14883,0.926345831
0.14891,1.034230062,,0.14893,1.032927433
0.149,0.992080578,,0.14902,1.006310653
0.14909,0.887279323,,0.14911,1.105008433
0.14919,0.85598111,,0.14921,0.998482755
0.14928,0.75105579,,0.1493,0.968717239
0.14937,0.859187176,,0.14939,0.936270623
0.14947,0.959183426,,0.14948,0.952070259
0.14956,0.939292686,,0.14958,0.912996541
0.14965,1.027822896,,0.14967,1.029601009
0.14974,1.135880454,,0.14976,0.997326772
0.14984,1.001759736,,0.14986,1.109347307
0.14993,0.97214843,,0.14995,1.207487315
0.15002,1.08873,,0.15004,1.165625303
0.15012,1.069950593,,0.15013,1.060987216
0.15021,0.940293526,,0.15023,1.039158268
0.1503,0.923411374,,0.15032,0.925515328
0.15039,1.009001358,,0.15041,0.808491849
0.15049,1.002814563,,0.15051,0.771578995
0.15058,1.110555731,,0.1506,0.870027359
0.15067,1.071098528,,0.15069,0.819352139
0.15077,1.189660966,,0.15078,0.920058375
0.15086,0.918446558,,0.15088,0.901296429
0.15095,0.897585817,,0.15097,0.87777842
0.15105,0.782684092,,0.15106,0.98781261
0.15114,0.890072277,,0.15116,0.969163076
0.15123,0.978277168,,0.15125,1.067012151
0.15132,1.076176949,,0.15134,1.03435599
0.15142,1.044840574,,0.15143,1.007540597
0.15151,1.027577136,,0.15153,0.902567745
0.1516,1.007130849,,0.15162,0.99980963
0.1517,1.019711055,,0.15171,0.970227016
0.15179,0.999609439,,0.15181,1.078565764
0.15188,0.942422348,,0.1519,1.090079992
0.15197,0.981249215,,0.15199,1.057731391
0.15207,0.953213437,,0.15208,1.030722784
0.15216,1.060222336,,0.15218,1.13893499
0.15225,1.148123887,,0.15227,1.10939991
0.15235,1.138565939,,0.15236,0.993510476
0.15244,1.099341988,,0.15246,1.089354031
0.15253,1.110814756,,0.15255,0.986447205
0.15262,1.081306262,,0.15264,0.953611217
0.15272,0.958573441,,0.15274,1.046539607
0.15281,0.916219724,,0.15283,1.032228628
0.1529,1.043860576,,0.15292,1.132040895
0.153,1.152203443,,0.15301,1.229490961
0.15309,1.131926634,,0.15311,1.071196446
0.15318,1.09262317,,0.1532,1.09509087
0.15327,1.1044003,,0.15329,1.062667606
0.15337,1.085239741,,0.15339,1.04643143
0.15346,1.055542572,,0.15348,1.058023486
0.15355,0.949991754,,0.15357,1.028689668
0.15365,0.921729574,,0.15366,0.998889853
0.15374,0.988564378,,0.15376,1.106472065
0.15383,0.988820947,,0.15385,1.076924198
0.15392,1.095352585,,0.15394,1.085699956
0.15402,1.19359991,,0.15404,1.196509035
0.15411,1.290294115,,0.15413,1.166510878
0.1542,1.163676746,,0.15422,1.178410401
0.1543,1.071494985,,0.15431,1.145875671
0.15439,1.051511936,,0.15441,1.256318078
0.15448,1.138715744,,0.1545,1.226345433
0.15457,1.097089896,,0.15459,1.094011531
0.15467,1.131844931,,0.15469,1.075293236
0.15476,1.111683099,,0.15478,0.960713752
0.15485,1.072618745,,0.15487,0.949435188
0.15495,1.104625497,,0.15496,1.045935559
0.15504,1.047395388,,0.15506,1.027024737
0.15513,1.171212829,,0.15515,0.966969396
0.15522,1.132662683,,0.15524,1.0754726
0.15532,1.122683401,,0.15534,1.18275361
0.15541,1.065616178,,0.15543,1.152788039
0.1555,1.162111907,,0.15552,1.036217131
0.1556,1.046944355,,0.15561,1.009229203
0.15569,1.02912907,,0.15571,0.906800201
0.15578,1.008838255,,0.1558,0.874321186
0.15587,0.86819584,,0.15589,0.847528846
0.15597,1.002195134,,0.15599,0.825586352
0.15606,0.963364826,,0.15608,0.924529799
0.15615,1.059345965,,0.15617,1.020632869
0.15625,1.040200927,,0.15626,0.972894957
0.15634,1.010627604,,0.15636,0.968997782
0.15643,1.106743363,,0.15645,0.984677432
0.15653,1.087487635,,0.15654,0.871612882
0.15662,0.849096225,,0.15664,0.977992905
0.15671,0.927051997,,0.15673,0.948461677
0.1568,1.029029995,,0.15682,1.041653764
0.1569,1.021728839,,0.15691,1.014853707
0.15699,1.022586991,,0.15701,0.995604095
0.15708,1.004674769,,0.1571,0.953911639
0.15718,0.973593613,,0.15719,1.061393028
0.15727,1.081447028,,0.15729,1.039628157
0.15736,1.06059547,,0.15738,0.804768411
0.15745,0.918887885,,0.15747,0.900129941
0.15755,0.911198033,,0.15756,0.870458731
0.15764,0.878324447,,0.15766,0.769300905
0.15773,0.653236599,,0.15775,0.85294783
0.15783,0.622480158,,0.15784,0.741296067
0.15792,0.729668111,,0.15794,0.71937662
0.15801,0.709164338,,0.15803,0.817302474
0.1581,0.795283759,,0.15812,0.912811189
0.1582,0.785506499,,0.15822,0.893863498
0.15829,0.873686229,,0.15831,0.971283816
0.15838,0.949112808,,0.1584,0.938932727
0.15848,0.936084137,,0.15849,1.054574339
0.15857,0.949277218,,0.15859,0.907812493
0.15866,0.803813058,,0.15868,0.881915644
0.15875,0.808065796,,0.15877,0.894319883
0.15885,0.798089306,,0.15887,0.875143615
0.15894,0.884348058,,0.15896,0.763993106
0.15903,0.854778979,,0.15905,0.858982674
0.15913,0.878963967,,0.15914,0.829653618
0.15922,0.849189996,,0.15924,0.935062732
0.15931,0.932495484,,0.15933,0.806551205
0.1594,1.021292592,,0.15942,0.901183806
0.1595,1.00840812,,0.15952,0.800957856
0.15959,1.033657611,,0.15961,0.895815566
0.15968,0.91383767,,0.1597,0.990765632
0.15978,0.761610151,,0.15979,0.961008252
0.15987,0.774998716,,0.15989,0.985305894
0.15996,0.8702037,,0.15998,0.874731892
0.16005,0.96493157,,0.16007,0.842680681
0.16015,0.945998461,,0.16017,0.826494829
0.16024,0.916117538,,0.16026,0.889385898
0.16033,0.999345466,,0.16035,0.998047534
0.16043,0.893297601,,0.16044,0.965759504
0.16052,0.870103885,,0.16054,0.967237991
0.16061,0.771284889,,0.16063,0.937302044
0.1607,0.874888635,,0.16072,0.827656761
0.1608,0.847005505,,0.16082,0.808678329
0.16089,0.817679081,,0.16091,0.822712765
0.16098,0.831469466,,0.161,0.793097639
0.16108,0.81254406,,0.16109,0.804852248
0.16117,0.89532582,,0.16119,0.912252026
0.16126,1.001652037,,0.16128,0.882933239
0.16135,1.084578082,,0.16137,0.977245531
0.16145,0.99641981,,0.16147,1.081996332
0.16154,0.967190825,,0.16156,0.96982168
0.16163,1.050001308,,0.16165,0.942851059
0.16173,0.838595929,,0.16174,0.910816317
0.16182,0.797704728,,0.16184,0.814726656
0.16191,0.779772775,,0.16193,0.785554756
0.16201,0.749535463,,0.16202,0.879754234
0.1621,0.855008146,,0.16212,0.860388251
0.16219,0.807781543,,0.16221,0.932293485
0.16228,0.901885726,,0.1623,0.907303829
0.16238,0.900332393,,0.16239,1.018693663
0.16247,0.982606534,,0.16249,0.999923595
0.16256,1.008725133,,0.16258,0.970435746
0.16266,0.978532545,,0.16267,0.859156565
0.16275,0.881241817,,0.16277,0.966082968
0.16284,0.851832007,,0.16286,0.731942202
0.16293,0.743317346,,0.16295,0.828193182
0.16303,0.72452736,,0.16305,0.806665741
0.16312,0.806926666,,0.16314,0.902875337
0.16321,0.788932629,,0.16323,0.8710705
0.16331,0.758678598,,0.16332,0.844046462
0.1634,0.740755902,,0.16342,0.807746955
0.16349,0.82295087,,0.16351,0.784035637
0.16358,0.787111837,,0.1636,0.748654051
0.16368,0.897298388,,0.1637,0.727308666
0.16377,0.878896853,,0.16379,0.622324146
0.16386,0.838388446,,0.16388,0.713171169
0.16396,0.953201053,,0.16397,0.730676751
0.16405,0.817190132,,0.16407,0.831971379
0.16414,0.843495295,,0.16416,0.927499427
0.16423,0.802813725,,0.16425,1.020916845
0.16433,0.917741328,,0.16435,1.046734053
0.16442,0.896916518,,0.16444,1.01710307
0.16451,0.903850579,,0.16453,0.970515959
0.16461,0.884624225,,0.16462,0.958335022
0.1647,0.966718742,,0.16472,0.850685502
0.16479,0.948130032,,0.16481,0.711270012
0.16488,0.90817529,,0.1649,0.678549549
0.16498,0.899924881,,0.165,0.784267669
0.16507,0.870306756,,0.16509,0.754969665
0.16516,0.823598063,,0.16518,0.725865131
0.16526,0.813129187,,0.16527,0.815924654
0.16535,0.886136321,,0.16537,0.921543366
0.16544,0.885165436,,0.16546,1.0140594
0.16553,0.900993452,,0.16555,1.012834234
0.16563,0.92736146,,0.16565,0.993587441
0.16572,0.931793514,,0.16574,0.686329752
0.16581,0.83688086,,0.16583,0.781387283
0.16591,0.817803603,,0.16592,0.675404872
0.166,0.711956067,,0.16602,0.778430877
0.16609,0.67159831,,0.16611,0.888707068
0.16618,0.775379104,,0.1662,0.857007276
0.16628,0.7457518,,0.1663,0.962081494
0.16637,0.831679716,,0.16639,1.044450546
0.16646,0.820027403,,0.16648,1.025404603
0.16656,0.922665057,,0.16657,0.995987195
0.16665,0.894274654,,0.16667,1.022545405
0.16674,0.974837857,,0.16676,0.993389301
0.16684,0.967200809,,0.16685,0.88785098
0.16693,1.048652389,,0.16695,0.990443821
0.16702,0.954077541,,0.16704,0.961447721
0.16711,0.932932626,,0.16713,0.856242579
0.16721,0.812640446,,0.16722,0.827302819
0.1673,0.723936101,,0.16732,0.842998732
0.16739,0.80615582,,0.16741,0.703725647
0.16749,0.919601752,,0.1675,0.793209235
0.16758,0.803534414,,0.1676,0.777253355
0.16767,0.785655092,,0.16769,0.748182546
0.16776,0.885977286,,0.16778,0.718968681
0.16786,0.839166701,,0.16787,0.690306445
0.16795,0.942355063,,0.16797,0.671416164
0.16804,0.92172218,,0.16806,0.763504707
0.16814,0.903004893,,0.16815,0.714597903
0.16823,0.678006143,,0.16825,0.801749193
0.16832,0.631857256,,0.16834,0.910561359
0.16841,0.527908379,,0.16843,0.729541239
0.16851,0.630153399,,0.16853,0.833735676
0.1686,0.711103268,,0.16862,0.72763276
0.16869,0.692721162,,0.16871,0.746968278
0.16879,0.783776265,,0.1688,0.718267051
0.16888,0.748747201,,0.1689,0.699543165
0.16897,0.736957928,,0.16899,0.670929825
0.16906,0.828555224,,0.16908,0.751516181
0.16916,0.817891134,,0.16918,0.743612196
0.16925,0.695493471,,0.16927,0.712447637
0.16934,0.603056069,,0.16936,0.669071045
0.16944,0.694212844,,0.16945,0.640485057
0.16953,0.67581838,,0.16955,0.741836407
0.16962,0.756564168,,0.16964,0.712876598
0.16971,0.84149878,,0.16973,0.821220063
0.16981,0.968483535,,0.16983,0.92252526
0.1699,1.051498918,,0.16992,0.893610332
