d1,z1,d2,z2,d3,z3,d4,z4,d5,z5,d6,z6,d7,z7,d8,z8,d9,z9,d10,z10,d11,z11,d12,z12,d13,z13,d14,z14,d15,z15
0,281.079986572265,0,281.459991455078,0,280.730010986328,0,280.730010986328,0,280.730010986328,0,280.730010986328,0,280.730010986328,0,280.730010986328,0,280.730010986328,0,280.730010986328,0,280.730010986328,0,280.730010986328,0,280.730010986328,0,280.730010986328,0,280.730010986328
4.19446936757772,280.730010986328,4.32580059991199,280.730010986328,4.49227087278168,280.390014648437,4.4557160752006,280.390014648437,4.30973563040231,280.390014648437,4.16727832501963,280.390014648437,4.03570663374151,280.390014648437,3.92834191600994,281.109985351562,3.81778325064661,280.390014648437,3.72521192925109,280.390014648437,3.64708552584975,280.390014648437,3.57847047419659,281.109985351562,3.51734815009262,281.109985351562,3.4574355732821,281.109985351562,3.39984596865747,281.109985351562
8.38893873515544,280.390014648437,8.65160119982398,280.390014648437,8.98454174556337,280.040008544921,8.91143215040121,280.040008544921,8.61947126080463,280.040008544921,8.33455665003926,280.709991455078,8.07141326748302,280.709991455078,7.85668383201988,280.709991455078,7.63556650129322,280.709991455078,7.45042385850218,280.709991455078,7.29417105169951,280.709991455078,7.15694094839319,280.709991455078,7.03469630018524,280.709991455078,6.91487114656421,280.709991455078,6.79969193731495,280.709991455078
12.5834081027331,280.040008544921,12.9774017997359,280.040008544921,13.476812618345,279.559997558593,13.3671482256018,279.559997558593,12.9292068912069,280.160003662109,12.5018349750588,280.160003662109,12.1071199012245,280.160003662109,11.7850257480298,280.160003662109,11.4533497519398,280.160003662109,11.1756357877532,280.160003662109,10.9412565775492,280.160003662109,10.7354114225897,280.760009765625,10.5520444502778,280.760009765625,10.3723067198463,280.760009765625,10.1995379059724,280.760009765625
16.7778774703108,279.559997558593,17.3032023996479,279.559997558593,17.9690834911267,279.010009765625,17.8228643008024,279.010009765625,17.2389425216092,279.649993896484,16.6691133000785,279.649993896484,16.142826534966,279.649993896484,15.7133676640397,279.649993896484,15.2711330025864,279.649993896484,14.9008477170043,280.239990234375,14.588342103399,280.239990234375,14.3138818967863,280.239990234375,14.0693926003704,280.239990234375,13.8297422931284,280.820007324218,13.5993838746299,280.820007324218
20.9723468378886,279.010009765625,21.6290029995599,279.010009765625,22.4613543639084,278.440002441406,22.278580376003,278.440002441406,21.5486781520115,279.079986572265,20.8363916250981,279.079986572265,20.1785331687075,279.079986572265,19.6417095800497,279.709991455078,19.088916253233,279.709991455078,18.6260596462554,279.709991455078,18.2354276292487,279.709991455078,17.8923523709829,280.350006103515,17.5867407504631,280.350006103515,17.2871778664105,280.350006103515,16.9992298432874,280.350006103515
25.1668162054663,278.380004882812,25.9548035994719,278.440002441406,26.9536252366901,277.859985351562,26.7342964512036,277.859985351562,25.8584137824139,278.5,25.0036699501177,278.5,24.214239802449,279.140014648437,23.5700514960596,279.140014648437,22.9066995038796,279.140014648437,22.3512715755065,279.140014648437,21.8825131550985,279.779998779296,21.4708228451795,279.779998779296,21.1040889005557,280.410003662109,20.7446134396926,280.410003662109,20.3990758119448,280.410003662109
29.361285573044,277.799987792968,30.2806041993839,277.859985351562,31.4458961094718,277.309997558593,31.1900125264042,277.309997558593,30.1681494128162,277.929992675781,29.1709482751374,277.929992675781,28.2499464361905,278.559997558593,27.4983934120695,278.559997558593,26.7244827545262,279.200012207031,26.0764835047576,279.200012207031,25.5295986809483,279.200012207031,25.0492933193761,279.83999633789,24.6214370506483,279.83999633789,24.2020490129747,279.83999633789,23.7989217806023,280.480010986328
33.5557549406217,277.230010986328,34.6064047992959,277.309997558593,35.9381669822535,276.690002441406,35.6457286016048,276.690002441406,34.4778850432185,277.399993896484,33.338226600157,278.070007324218,32.2856530699321,278.070007324218,31.4267353280795,278.679992675781,30.5422660051729,278.679992675781,29.8016954340087,278.679992675781,29.176684206798,279.290008544921,28.6277637935727,279.290008544921,28.1387852007409,279.899993896484,27.6594845862568,279.899993896484,27.1987677492598,279.899993896484
37.7502243081995,276.640014648437,38.9322053992079,276.690002441406,40.4304378550352,275.75,40.1014446768054,275.75,38.7876206736208,276.739990234375,37.5055049251766,277.440002441406,36.3213597036736,277.440002441406,35.3550772440894,278.149993896484,34.3600492558195,278.149993896484,33.5269073632598,278.83999633789,32.8237697326478,278.83999633789,32.2062342677693,279.450012207031,31.6561333508336,279.450012207031,31.1169201595389,280.049987792968,30.5986137179173,280.049987792968
41.9446936757772,275.709991455078,43.2580059991199,275.75,44.9227087278168,274.809997558593,44.557160752006,274.809997558593,43.0973563040231,275.799987792968,41.6727832501963,276.790008544921,40.3570663374151,277.489990234375,39.2834191600994,277.489990234375,38.1778325064661,278.200012207031,37.2521192925109,278.200012207031,36.4708552584975,278.899993896484,35.7847047419659,278.899993896484,35.1734815009262,279.600006103515,34.574355732821,279.600006103515,33.9984596865748,280.209991455078
46.1391630433549,274.760009765625,47.5838065990319,274.809997558593,49.4149796005985,273.859985351562,49.0128768272066,273.859985351562,47.4070919344255,274.850006103515,45.8400615752159,275.850006103515,44.3927729711566,276.83999633789,43.2117610761093,276.83999633789,41.9956157571127,277.540008544921,40.977331221762,278.239990234375,40.1179407843473,278.239990234375,39.3631752161625,278.950012207031,38.6908296510188,278.950012207031,38.0317913061032,279.649993896484,37.3983056552322,279.649993896484
50.3336324109326,273.769989013671,51.9096071989439,273.809997558593,53.9072504733802,272.940002441406,53.4685929024072,272.940002441406,51.7168275648278,274.899993896484,50.0073399002355,274.899993896484,48.4284796048981,275.899993896484,47.1401029921193,276.880004882812,45.8133990077593,276.880004882812,44.7025431510131,277.58999633789,43.7650263101971,278.290008544921,42.9416456903591,278.290008544921,42.2081778011114,279,41.4892268793853,279,40.7981516238897,279.700012207031
54.5281017785104,272.820007324218,56.2354077988558,272.869995117187,58.3995213461619,272.100006103515,57.9243089776079,272.100006103515,56.0265631952301,273.970001220703,54.1746182252552,273.970001220703,52.4641862386396,274.950012207031,51.0684449081292,275.940002441406,49.6311822584059,276.929992675781,48.4277550802642,276.929992675781,47.4121118360468,277.640014648437,46.5201161645557,278.33999633789,45.7255259512041,278.33999633789,44.9466624526674,279.040008544921,44.1979975925472,279.040008544921
58.7225711460881,271.910003662109,60.5612083987678,272.010009765625,62.8917922189436,270.450012207031,62.3800250528085,271.739990234375,60.3362988256324,273.040008544921,58.3418965502748,274.070007324218,56.4998928723811,275,54.9967868241391,275,53.4489655090525,275.989990234375,52.1529670095153,276.980010986328,51.0591973618966,276.980010986328,50.0985866387523,277.679992675781,49.2428741012967,278.390014648437,48.4040980259495,279.08999633789,47.5978435612047,279.08999633789
62.9170405136658,271.08999633789,64.8870089986798,270.929992675781,67.3840630917253,268.700012207031,66.8357411280091,269.970001220703,64.6460344560348,271.260009765625,62.5091748752944,272.559997558593,60.5355995061226,273.859985351562,58.9251287401491,275.100006103515,57.2667487596991,275.100006103515,55.8781789387663,276.040008544921,54.7062828877463,277.029998779296,53.6770571129489,277.730010986328,52.7602222513893,278.429992675781,51.8615335992316,278.429992675781,50.9976895298621,279.140014648437
67.1115098812435,269.630004882812,69.2128095985918,269.160003662109,71.876333964507,267.440002441406,71.2914572032097,268.350006103515,68.9557700864371,269.510009765625,66.6764532003141,270.779998779296,64.5713061398642,272.079986572265,62.853470656159,273.380004882812,61.0845320103458,274.670013427734,59.6033908680174,275.970001220703,58.3533684135961,275.970001220703,57.2555275871455,277.070007324218,56.2775704014819,277.730010986328,55.3189691725137,278.179992675781,54.3975354985196,278.179992675781
71.3059792488212,267.890014648437,73.5386101985038,267.470001220703,76.3686048372887,266.5,75.7471732784103,267.410003662109,73.2655057168394,268.320007324218,70.8437315253337,269.239990234375,68.6070127736057,270.320007324218,66.781812572169,271.600006103515,64.9023152609924,272.899993896484,63.3286027972685,274.190002441406,62.0004539394459,275.489990234375,60.8339980613421,276.700012207031,59.7949185515746,276.959991455078,58.7764047457958,276.959991455078,57.7973814671771,277.369995117187
75.500448616399,266.619995117187,77.8644107984158,266.529998779296,80.8608757100704,265.559997558593,80.2028893536109,266.470001220703,77.5752413472417,267.380004882812,75.0110098503533,268.290008544921,72.6427194073472,269.209991455078,70.7101544881789,271.130004882812,68.720098511639,271.130004882812,67.0538147265196,272.420013427734,65.6475394652956,273.709991455078,64.4124685355387,275.019989013671,63.3122667016672,276.109985351562,62.2338403190779,276.209991455078,61.1972274358346,276.559997558593
79.6949179839767,265.640014648437,82.1902113983278,265.579986572265,85.353146582852,264.579986572265,84.6586054288115,265.529998779296,81.884976977644,266.440002441406,79.178288175373,268.269989013671,76.6784260410887,269.179992675781,74.6384964041889,270.08999633789,72.5378817622856,271,70.7790266557707,271.940002441406,69.2946249911454,273.230010986328,67.9909390097354,274.579986572265,66.8296148517598,275.519989013671,65.69127589236,275.709991455078,64.5970734044921,275.709991455078
83.8893873515544,264.619995117187,86.5160119982398,264.600006103515,89.8454174556337,263.440002441406,89.1143215040121,264.570007324218,86.1947126080463,265.5,83.3455665003926,267.320007324218,80.7141326748302,268.239990234375,78.5668383201988,269.149993896484,76.3556650129322,270.059997558593,74.5042385850218,270.980010986328,72.9417105169951,271.890014648437,71.5694094839319,272.489990234375,70.3469630018524,273.350006103515,69.1487114656421,274.320007324218,67.9969193731496,275.119995117187
88.0838567191321,263.470001220703,90.8418125981518,263.450012207031,94.3376883284154,262.299987792968,93.5700375792127,263.429992675781,90.5044482384487,264.559997558593,87.5128448254122,266.380004882812,84.7498393085717,267.290008544921,82.4951802362087,268.209991455078,80.1734482635788,270.029998779296,78.2294505142729,270.950012207031,76.5887960428449,271.470001220703,75.1478799581285,271.980010986328,73.8643111519451,272.510009765625,72.6061470389242,273.220001220703,71.396765341807,274.059997558593
92.2783260867099,262.329986572265,95.1676131980638,262.309997558593,98.8299592011971,261.160003662109,98.0257536544133,262.290008544921,94.814183868851,264.529998779296,91.6801231504318,265.440002441406,88.7855459423132,266.350006103515,86.4235221522187,268.179992675781,83.9912315142254,269.08999633789,81.954662443524,269.940002441406,80.2358815686947,270.450012207031,78.7263504323251,270.959991455078,77.3816593020377,271.470001220703,76.0635826122064,271.940002441406,74.7966113104645,272.529998779296
96.4727954542876,261.190002441406,99.4934137979758,261.179992675781,103.322230073978,260.010009765625,102.481469729613,261.149993896484,99.1239194992533,263.410003662109,95.8474014754515,264.5,92.8212525760547,266.320007324218,90.3518640682286,267.239990234375,87.809014764872,268.149993896484,85.6798743727751,268.920013427734,83.8829670945444,269.940002441406,82.3048209065218,270.450012207031,80.8990074521303,270.950012207031,79.5210181854885,271.450012207031,78.196457279122,271.880004882812
100.667264821865,260.040008544921,103.819214397887,260.029998779296,107.81450094676,258.910003662109,106.937185804814,260,103.433655129655,262.269989013671,100.014679800471,263.399993896484,96.8569592097963,265.380004882812,94.2802059842386,266.299987792968,91.6267980155186,267.890014648437,89.4050863020262,268.399993896484,87.5300526203942,268.910003662109,85.8832913807183,269.420013427734,84.4163556022229,269.929992675781,82.9784537587706,270.950012207031,81.5963032477795,271.390014648437
104.861734189443,258.910003662109,108.145014997799,258.890014648437,112.306771819542,257.899993896484,111.392901880015,259.049987792968,107.743390760057,261.119995117187,104.18195812549,263.390014648437,100.892665843537,264.440002441406,98.2085479002485,266.269989013671,95.4445812661653,266.869995117187,93.1302982312773,267.380004882812,91.1771381462439,268.399993896484,89.4617618549149,268.910003662109,87.9337037523156,269.420013427734,86.4358893320527,269.929992675781,84.9961492164369,270.440002441406
109.05620355702,257.769989013671,112.470815597711,257.75,116.799042692323,257.029998779296,115.848617955215,258.179992675781,112.05312639046,260.200012207031,108.34923645051,262.25,104.928372477279,263.380004882812,102.136889816258,265.320007324218,99.2623645168119,265.850006103515,96.8555101605284,266.869995117187,94.8242236720937,267.380004882812,93.0402323291115,267.880004882812,91.4510519024082,268.899993896484,89.8933249053348,269.410003662109,88.3959951850944,269.920013427734
113.250672924598,256.630004882812,116.796616197623,256.890014648437,121.291313565105,256.160003662109,120.304334030416,257.320007324218,116.362862020862,259.33999633789,112.51651477553,261.350006103515,108.96407911102,263.369995117187,106.065231732268,264.309997558593,103.080147767458,265.329986572265,100.580722089779,265.83999633789,98.4713091979435,266.350006103515,96.6187028033082,267.369995117187,94.9684000525008,267.880004882812,93.3507604786169,268.899993896484,91.7958411537519,269.410003662109
117.445142292176,255.729995727539,121.122416797535,256.019989013671,125.783584437887,255.300003051757,124.760050105617,256.450012207031,120.672597651264,258.480010986328,116.683793100549,260.5,112.999785744762,262.519989013671,109.993573648278,263.350006103515,106.897931018105,264.329986572265,104.30593401903,264.820007324218,102.118394723793,265.83999633789,100.197173277504,266.350006103515,98.4857482025935,267.369995117187,96.808196051899,267.880004882812,95.1956871224094,268.390014648437
121.639611659753,254.779998779296,125.448217397447,255.160003662109,130.275855310669,254.429992675781,129.215766180817,255.610000610351,124.982333281667,257.640014648437,120.851071425569,259.660003662109,117.035492378503,261.510009765625,113.921915564288,263.130004882812,110.715714268751,263.510009765625,108.031145948281,264.359985351562,105.765480249643,264.859985351562,103.775643751701,265.850006103515,102.003096352686,266.33999633789,100.265631625181,267.359985351562,98.5955330910669,267.869995117187
125.834081027331,253.789993286132,129.774017997359,254.289993286132,134.76812618345,253.58999633789,133.671482256018,254.77000427246,129.292068912069,256.799987792968,125.018349750588,258.820007324218,121.071199012245,260.480010986328,117.850257480298,262.100006103515,114.533497519398,263.220001220703,111.756357877532,263.470001220703,109.412565775492,264.399993896484,107.354114225897,264.899993896484,105.520444502778,265.890014648437,103.723067198463,266.380004882812,101.995379059724,266.869995117187
130.028550394909,252.460006713867,134.099818597271,253.419998168945,139.260397056232,252.720001220703,138.127198331218,253.990005493164,133.601804542471,255.960006713867,129.185628075608,258.640014648437,125.106905645986,259.450012207031,121.778599396308,261.059997558593,118.351280770044,262.679992675781,115.481569806783,263.179992675781,113.059651301342,263.459991455078,110.932584700094,264.440002441406,109.037792652871,264.940002441406,107.180502771745,265.929992675781,105.395225028381,266.420013427734
134.223019762487,251.460006713867,138.425619197183,252.490005493164,143.752667929014,251.75,142.582914406419,253.160003662109,137.911540172874,255.990005493164,133.352906400628,257.609985351562,129.142612279728,259.220001220703,125.706941312318,260.83999633789,122.169064020691,261.640014648437,119.206781736034,262.640014648437,116.706736827192,263.140014648437,114.511055174291,263.5,112.555140802963,264.480010986328,110.637938345027,265.470001220703,108.795070997039,265.970001220703
138.417489130064,250.490005493164,142.751419797095,251.52000427246,148.244938801795,250.77000427246,147.03863048162,252.190002441406,142.221275803276,255.210006713867,137.520184725647,256.820007324218,133.178318913469,258.420013427734,129.635283228328,260.029998779296,125.986847271338,261.5,122.931993665286,262.350006103515,120.353822353042,262.600006103515,118.089525648487,263.100006103515,116.072488953056,263.540008544921,114.095373918309,264.519989013671,112.194916965696,265.019989013671
142.611958497642,249.690002441406,147.077220397007,250.330001831054,152.737209674577,249.800003051757,151.49434655682,251.289993286132,146.531011433678,254.429992675781,141.687463050667,256.040008544921,137.214025547211,257.660003662109,133.563625144338,259.260009765625,129.804630521984,260.540008544921,126.657205594537,261.369995117187,124.000907878891,262.220001220703,121.667996122684,262.559997558593,119.589837103149,263.079986572265,117.552809491591,264.070007324218,115.594762934354,264.559997558593
146.80642786522,248.83999633789,151.403020996919,249.360000610351,157.229480547359,248.940002441406,155.950062632021,250.479995727539,150.840747064081,253.820007324218,145.854741375687,255.440002441406,141.249732180952,256.980010986328,137.491967060347,259.019989013671,133.622413772631,260.040008544921,130.382417523788,260.429992675781,127.647993404741,261.209991455078,125.24646659688,262.08999633789,123.107185253241,262.760009765625,121.010245064873,263.119995117187,118.994608903011,264.109985351562
151.000897232798,247.940002441406,155.728821596831,248.380004882812,161.72175142014,248.130004882812,160.405778707221,249.679992675781,155.150482694483,253,150.022019700706,254.919998168945,145.285438814694,257.220001220703,141.420308976357,257.859985351562,137.440197023278,259.049987792968,134.107629453039,259.880004882812,131.295078930591,260.660003662109,128.824937071077,261.079986572265,126.624533403334,261.959991455078,124.467680638155,262.720001220703,122.394454871669,263.160003662109
155.195366600375,246.970001220703,160.054622196743,247.410003662109,166.214022292922,247.330001831054,164.861494782422,248.880004882812,159.460218324885,252.190002441406,154.189298025726,255.160003662109,149.321145448435,256.690002441406,145.348650892367,257.149993896484,141.257980273924,257.899993896484,137.83284138229,258.859985351562,134.942164456441,259.720001220703,132.403407545274,260.510009765625,130.141881553427,261.390014648437,127.925116211438,262.269989013671,125.794300840326,262.709991455078
159.389835967953,245.77000427246,164.380422796655,246.580001831054,170.706293165704,246.52000427246,169.317210857623,248.070007324218,163.769953955288,251.380004882812,158.356576350746,254.389999389648,153.356852082177,256.109985351562,149.276992808377,256.450012207031,145.075763524571,257.230010986328,141.558053311541,258.190002441406,138.58924998229,258.670013427734,135.98187801947,259.950012207031,133.659229703519,260.380004882812,131.38255178472,261.260009765625,129.194146808984,261.920013427734
163.584305335531,244.800003051757,168.706223396567,245.779998779296,175.198564038485,245.809997558593,173.772926932823,247.330001831054,168.07968958569,250.559997558593,162.523854675765,253.52000427246,157.392558715919,255.289993286132,153.205334724387,255.759994506835,148.893546775217,256.190002441406,145.283265240792,257.049987792968,142.23633550814,258,139.560348493667,258.959991455078,137.176577853612,259.809997558593,134.839987358002,260.640014648437,132.593992777641,260.880004882812
167.778774703108,243.860000610351,173.032023996479,244.970001220703,179.690834911267,245.210006713867,178.228643008024,246.740005493164,172.389425216092,249.5,166.691133000785,252.320007324218,161.42826534966,254.5,157.133676640397,254.809997558593,152.711330025864,255.300003051757,149.008477170043,255.949996948242,145.88342103399,256.890014648437,143.138818967863,258.299987792968,140.693926003704,258.779998779296,138.297422931284,259.58999633789,135.993838746299,260.079986572265
171.973244070686,243.050003051757,177.357824596391,244.279998779296,184.183105784049,244.580001831054,182.684359083224,247.199996948242,176.699160846495,249.240005493164,170.858411325804,251.130004882812,165.463971983402,253.550003051757,161.062018556407,253.869995117187,156.529113276511,254.720001220703,152.733689099294,255.33999633789,149.53050655984,256.260009765625,146.71728944206,257.200012207031,144.211274153797,258.140014648437,141.754858504566,258.83999633789,139.393684714956,259.290008544921
176.167713438264,242.279998779296,181.683625196303,243.669998168945,188.67537665683,243.949996948242,187.140075158425,246.399993896484,181.008896476897,248.410003662109,175.025689650824,250.869995117187,169.499678617143,252.610000610351,164.990360472417,253.210006713867,160.346896527157,253.830001831054,156.458901028545,254.449996948242,153.177592085689,255.160003662109,150.295759916257,256.570007324218,147.72862230389,257.040008544921,145.212294077848,258.149993896484,142.793530683614,258.33999633789
180.362182805842,241.669998168945,186.009425796215,243.039993286132,193.167647529612,243.220001220703,191.595791233626,245.429992675781,185.318632107299,247.660003662109,179.192967975844,249.669998168945,173.535385250885,251.550003051757,168.918702388427,252.320007324218,164.164679777804,252.940002441406,160.184112957797,253.869995117187,156.824677611539,254.529998779296,153.874230390453,255.470001220703,151.245970453982,256.410003662109,148.66972965113,257.279998779296,146.193376652271,257.660003662109
184.556652173419,240.580001831054,190.335226396127,241.949996948242,197.659918402394,242.369995117187,196.051507308826,244.449996948242,189.628367737702,246.820007324218,183.360246300863,248.779998779296,177.571091884626,250.360000610351,172.847044304437,251.429992675781,167.98246302845,252.360000610351,163.909324887048,252.979995727539,160.471763137389,253.610000610351,157.45270086465,254.83999633789,154.763318604075,255.779998779296,152.127165224412,256.600006103515,149.593222620929,256.970001220703
188.751121540997,239.77000427246,194.661026996039,241.289993286132,202.152189275176,241.470001220703,200.507223384027,243.550003051757,193.938103368104,245.850006103515,187.527524625883,247.979995727539,181.606798518368,249.919998168945,176.775386220447,250.529998779296,171.800246279097,251.470001220703,167.634536816299,252.08999633789,164.118848663239,253.029998779296,161.031171338846,253.740005493164,158.280666754168,254.679992675781,155.584600797694,255.619995117187,152.993068589586,256.100006103515
192.945590908575,238.809997558593,198.986827595951,240.330001831054,206.644460147957,240.570007324218,204.962939459227,242.350006103515,198.247838998506,244.979995727539,191.694802950903,247.160003662109,185.642505152109,248.940002441406,180.703728136457,249.949996948242,175.618029529744,250.580001831054,171.35974874555,251.509994506835,167.765934189088,252.130004882812,164.609641813043,253.100006103515,161.79801490426,254.050003051757,159.042036370977,254.990005493164,156.392914558244,255.419998168945
197.140060276152,237.850006103515,203.312628195863,239.630004882812,211.136731020739,239.669998168945,209.418655534428,240.940002441406,202.557574628909,244.389999389648,195.862081275922,246.25,189.678211785851,247.860000610351,184.632070052467,249.050003051757,179.43581278039,250,175.084960674801,250.619995117187,171.413019714938,251.559997558593,168.18811228724,252.179992675781,165.315363054353,252.940002441406,162.499471944259,254.360000610351,159.792760526901,254.550003051757
201.33452964373,236.899993896484,207.638428795775,239.009994506835,215.629001893521,238.699996948242,213.874371609629,239.729995727539,206.867310259311,243.059997558593,200.029359600942,245.320007324218,193.713918419592,246.789993286132,188.560411968477,248.130004882812,183.253596031037,249.100006103515,178.810172604052,250.039993286132,175.060105240788,250.660003662109,171.766582761436,251.600006103515,168.832711204445,252.309997558593,165.956907517541,253.25,163.192606495559,253.860000610351
205.528999011308,235.970001220703,211.964229395687,238,220.121272766302,237.669998168945,218.330087684829,238.779998779296,211.177045889713,241.33999633789,204.196637925961,243.860000610351,197.749625053334,246.110000610351,192.488753884487,247.539993286132,187.071379281684,248.5,182.535384533303,249.149993896484,178.707190766638,250.08999633789,175.345053235633,250.710006713867,172.350059354538,251.330001831054,169.414343090823,252.619995117187,166.592452464216,253.179992675781
209.723468378886,235.509994506835,216.290029995599,236.800003051757,224.613543639084,236.580001831054,222.78580376003,237.889999389648,215.486781520115,239.77000427246,208.363916250981,242.33999633789,201.785331687075,244.509994506835,196.417095800497,246.619995117187,190.88916253233,247.580001831054,186.260596462554,248.229995727539,182.354276292487,249.190002441406,178.923523709829,250.130004882812,175.867407504631,250.75,172.871778664105,251.52000427246,169.992298432873,252.309997558593
213.917937746463,234.179992675781,220.615830595511,235.600006103515,229.105814511866,235.470001220703,227.241519835231,237,219.796517150518,239.300003051757,212.531194576001,241.039993286132,205.821038320817,243.229995727539,200.345437716507,245.669998168945,194.706945782977,246.660003662109,189.985808391805,247.630004882812,186.001361818337,248.279998779296,182.501994184026,249.240005493164,179.384755654723,249.860000610351,176.329214237387,250.889999389648,173.392144401531,251.619995117187
218.112407114041,233.389999389648,224.941631195423,234.630004882812,233.598085384647,234.100006103515,231.697235910431,235.75,224.10625278092,238.25,216.69847290102,239.990005493164,209.856744954558,242.240005493164,204.273779632517,245.139999389648,198.524729033623,246.029998779296,193.711020321056,246.649993896484,189.648447344187,247.679992675781,186.080464658223,248.639999389648,182.902103804816,249.279998779296,179.786649810669,250.259994506835,176.791990370188,250.940002441406
222.306876481619,232.289993286132,229.267431795335,233.779998779296,238.090356257429,232.610000610351,236.152951985632,234.479995727539,228.415988411322,237.210006713867,220.86575122604,238.940002441406,213.8924515883,242.080001831054,208.202121548526,244.149993896484,202.34251228427,245.179992675781,197.436232250307,246.029998779296,193.295532870037,246.639999389648,189.658935132419,247.710006713867,186.419451954909,248.690002441406,183.244085383951,249.320007324218,180.191836338846,250.070007324218
226.501345849197,231.190002441406,233.593232395247,232.740005493164,242.582627130211,231.110000610351,240.608668060832,233.039993286132,232.725724041725,236.149993896484,225.03302955106,238.479995727539,217.928158222041,241.059997558593,212.130463464536,243.169998168945,206.160295534917,244.320007324218,201.161444179559,245.179992675781,196.942618395887,246.039993286132,193.237405606616,246.979995727539,189.936800105001,247.690002441406,186.701520957233,248.740005493164,183.591682307503,249.380004882812
230.695815216774,230.08999633789,237.919032995159,231.199996948242,247.074898002992,229.649993896484,245.064384136033,231.600006103515,237.035459672127,235.08999633789,229.200307876079,237.460006713867,221.963864855783,239.869995117187,216.058805380546,242.190002441406,209.978078785563,243.759994506835,204.88665610881,244.330001831054,200.589703921736,245.179992675781,196.815876080812,246.039993286132,193.454148255094,246.970001220703,190.158956530516,247.679992675781,186.991528276161,248.869995117187
234.890284584352,229.169998168945,242.244833595071,230.029998779296,251.567168875774,228.5,249.520100211234,230.449996948242,241.345195302529,234.059997558593,233.367586201099,236.429992675781,225.999571489524,238.509994506835,219.987147296556,241.649993896484,213.79586203621,242.899993896484,208.611868038061,243.759994506835,204.236789447586,244.619995117187,200.394346555009,245.470001220703,196.971496405187,246.050003051757,193.616392103798,246.949996948242,190.391374244818,247.779998779296
239.08475395193,228.289993286132,246.570634194983,228.83999633789,256.059439748556,227.360000610351,253.975816286434,229.309997558593,245.654930932932,233.029998779296,237.534864526118,235.449996948242,230.035278123266,237.350006103515,223.915489212566,240.360000610351,217.613645286856,242.02000427246,212.337079967312,242.910003662109,207.883874973436,243.759994506835,203.972817029206,244.619995117187,200.488844555279,245.479995727539,197.07382767708,246.33999633789,193.791220213476,247.110000610351
243.279223319507,227.399993896484,250.896434794895,227.580001831054,260.551710621338,226.210006713867,258.431532361635,228.169998168945,249.964666563334,231.820007324218,241.702142851138,234.470001220703,234.070984757007,236.979995727539,227.843831128576,239,221.431428537503,241.479995727539,216.062291896563,242.33999633789,211.530960499286,243.199996948242,207.551287503402,244.050003051757,204.006192705372,244.630004882812,200.531263250362,245.539993286132,197.191066182133,246.389999389648
247.473692687085,226.5,255.222235394807,226.720001220703,265.043981494119,225.179992675781,262.887248436835,227.02000427246,254.274402193736,230.610000610351,245.869421176158,233.490005493164,238.106691390749,235.949996948242,231.772173044586,238.58999633789,225.24921178815,240.5,219.787503825814,241.490005493164,215.178046025135,242.33999633789,211.129757977599,243.199996948242,207.523540855464,244.119995117187,203.988698823644,245.050003051757,200.590912150791,245.460006713867
251.668162054663,225.509994506835,259.548035994719,225.800003051757,269.536252366901,224.190002441406,267.342964512036,225.880004882812,258.584137824139,230.179992675781,250.036699501177,233.100006103515,242.14239802449,234.919998168945,235.700514960596,237.559997558593,229.066995038796,239.399993896484,223.512715755065,240.919998168945,218.825131550985,241.779998779296,214.708228451795,242.699996948242,211.040889005557,243.309997558593,207.446134396926,244.240005493164,203.990758119448,244.889999389648
255.862631422241,224.490005493164,263.873836594631,224.809997558593,274.028523239683,223.210006713867,271.798680587237,224.740005493164,262.893873454541,228.970001220703,254.203977826197,232.08999633789,246.178104658232,233.889999389648,239.628856876606,236.529998779296,232.884778289443,238.830001831054,227.237927684316,240.070007324218,222.472217076835,240.970001220703,218.286698925992,241.889999389648,214.55823715565,242.809997558593,210.903569970208,243.77000427246,207.390604088106,244.320007324218
260.057100789818,223.320007324218,268.199637194543,223.820007324218,278.520794112464,222.369995117187,276.254396662437,223.699996948242,267.203609084943,227.759994506835,258.371256151217,230.880004882812,250.213811291973,233.52000427246,243.557198792616,235.5,236.702561540089,237.720001220703,230.963139613567,239.25,226.119302602685,240.479995727539,221.865169400189,241.399993896484,218.075585305742,242.009994506835,214.36100554349,243.289993286132,210.790450056763,243.649993896484
264.251570157396,221.669998168945,272.525437794455,222.570007324218,283.013064985246,221.509994506835,280.710112737638,222.77000427246,271.513344715346,226.550003051757,262.538534476236,229.669998168945,254.249517925715,232.52000427246,247.485540708626,235.130004882812,240.520344790736,237.149993896484,234.688351542818,238.639999389648,229.766388128534,239.669998168945,225.443639874385,240.58999633789,221.592933455835,241.509994506835,217.818441116772,242.490005493164,214.190296025421,243.080001831054
268.446039524974,220.410003662109,276.851238394367,220.990005493164,287.505335858028,220.509994506835,285.165828812838,221.690002441406,275.823080345748,225.360000610351,266.705812801256,228.460006713867,258.285224559456,231.539993286132,251.413882624636,234.08999633789,244.338128041383,236.080001831054,238.413563472069,237.509994506835,233.413473654384,238.869995117187,229.022110348582,240.08999633789,225.110281605927,241.02000427246,221.275876690055,242.009994506835,217.590141994078,242.410003662109
272.640508892551,219.059997558593,281.177038994279,220.080001831054,291.997606730809,219.509994506835,289.621544888039,220.610000610351,280.13281597615,224.179992675781,270.873091126276,227.259994506835,262.320931193198,230.369995117187,255.342224540646,233.009994506835,248.155911292029,235.02000427246,242.138775401321,236.869995117187,237.060559180234,238.199996948242,232.600580822778,239.289993286132,228.62762975602,240.210006713867,224.733312263337,241.210006713867,220.989987962736,241.850006103515
276.834978260129,217.710006713867,285.502839594191,219.119995117187,296.489877603591,218.470001220703,294.07726096324,219.529998779296,284.442551606553,223.08999633789,275.040369451295,226.860000610351,266.356637826939,229.940002441406,259.270566456656,232.440002441406,251.973694542676,234.52000427246,245.863987330572,235.759994506835,240.707644706084,237.110000610351,236.179051296975,238.789993286132,232.144977906113,239.740005493164,228.190747836619,240.729995727539,224.389833931393,241.279998779296
281.029447627707,216.940002441406,289.828640194103,218.470001220703,300.982148476373,217.440002441406,298.53297703844,218.449996948242,288.752287236955,222.02000427246,279.207647776315,225.679992675781,270.392344460681,228.759994506835,263.198908372666,231.419998168945,255.791477793323,233.490005493164,249.589199259823,234.880004882812,244.354730231933,236.479995727539,239.757521771172,237.789993286132,235.662326056205,238.929992675781,231.648183409901,240.259994506835,227.789679900051,240.610000610351
285.223916995285,216.380004882812,294.154440794015,217.699996948242,305.474419349154,216.529998779296,302.988693113641,217.58999633789,293.062022867357,220.929992675781,283.374926101334,224.509994506835,274.428051094422,227.580001831054,267.127250288676,230.389999389648,259.609261043969,232.460006713867,253.314411189074,234.240005493164,248.001815757783,235.380004882812,243.335992245368,237.160003662109,239.179674206298,238.350006103515,235.105618983183,239.449996948242,231.189525868708,239.860000610351
289.418386362862,215.809997558593,298.480241393927,216.729995727539,309.966690221936,215.419998168945,307.444409188842,217.369995117187,297.37175849776,219.850006103515,287.542204426354,223.410003662109,278.463757728164,226.419998168945,271.055592204686,229.869995117187,263.427044294616,231.949996948242,257.039623118325,233.360000610351,251.648901283633,234.720001220703,246.914462719565,236.100006103515,242.697022356391,237.330001831054,238.563054556465,238.729995727539,234.589371837366,238.990005493164
293.61285573044,214.740005493164,302.806041993839,215.830001831054,314.458961094718,214.350006103515,311.900125264042,216.529998779296,301.681494128162,219.580001831054,291.709482751374,222.330001831054,282.499464361905,226.309997558593,274.983934120695,228.800003051757,267.244827545262,230.919998168945,260.764835047576,232.729995727539,255.295986809483,233.570007324218,250.492933193761,235.470001220703,246.214370506483,236.669998168945,242.020490129747,237.619995117187,237.989217806023,238.160003662109
297.807325098018,214.210006713867,307.131842593751,215.160003662109,318.951231967499,213.460006713867,316.355841339243,215.669998168945,305.991229758564,218.740005493164,295.876761076393,221.899993896484,286.535170995647,225.550003051757,278.912276036705,227.729995727539,271.062610795909,229.899993896484,264.490046976827,231.850006103515,258.943072335332,232.910003662109,254.071403667958,234.360000610351,249.731718656576,235.649993896484,245.477925703029,236.779998779296,241.389063774681,237.330001831054
302.001794465596,213.539993286132,311.457643193663,214.289993286132,323.443502840281,212.580001831054,320.811557414443,214.699996948242,310.300965388967,217.960006713867,300.044039401413,220.910003662109,290.570877629388,224.380004882812,282.840617952715,226.58999633789,274.880394046556,229.389999389648,268.215258906078,230.940002441406,262.590157861182,231.949996948242,257.649874142155,233.699996948242,253.249066806668,234.820007324218,248.935361276311,235.940002441406,244.788909743338,236.5
306.196263833173,212.899993896484,315.783443793575,213.179992675781,327.935773713063,211.690002441406,325.267273489644,213.729995727539,314.610701019369,217.160003662109,304.211317726433,220.080001831054,294.60658426313,223.199996948242,286.768959868725,226.009994506835,278.698177297202,228.320007324218,271.940470835329,230.33999633789,266.237243387032,231.320007324218,261.228344616351,232.550003051757,256.766414956761,234.210006713867,252.392796849593,234.820007324218,248.188755711996,235.660003662109
310.390733200751,212.259994506835,320.109244393487,212.25,332.428044585845,210.779998779296,329.722989564845,212.679992675781,318.920436649771,216.039993286132,308.378596051452,219.25,298.642290896871,221.580001831054,290.697301784735,224.830001831054,282.515960547849,227.190002441406,275.66568276458,229.410003662109,269.884328912882,230.440002441406,264.806815090548,231.889999389648,260.283763106854,233.229995727539,255.850232422876,234.220001220703,251.588601680653,234.820007324218
314.585202568329,211.630004882812,324.435044993399,211.369995117187,336.920315458626,209.809997558593,334.178705640045,211.449996948242,323.230172280174,214.75,312.545874376472,217.929992675781,302.677997530613,221.160003662109,294.625643700745,223.630004882812,286.333743798495,226.600006103515,279.390894693831,228.820007324218,273.531414438731,229.559997558593,268.385285564744,230.740005493164,263.801111256946,232.559997558593,259.307667996158,233.429992675781,254.98844764931,233.960006713867
318.779671935906,210.320007324218,328.760845593311,210.479995727539,341.412586331408,208.619995117187,338.634421715246,210.210006713867,327.539907910576,213.740005493164,316.713152701492,216.580001831054,306.713704164354,219.860000610351,298.553985616755,223.039993286132,290.151527049142,225.429992675781,283.116106623083,227.699996948242,277.178499964581,229.169998168945,271.963756038941,230.039993286132,267.318459407039,231.559997558593,262.76510356944,232.740005493164,258.388293617968,233.009994506835
322.974141303484,209.27000427246,333.086646193223,209.710006713867,345.90485720419,207.389999389648,343.090137790446,208.979995727539,331.849643540978,212.509994506835,320.880431026511,215.889999389648,310.749410798096,218.559997558593,302.482327532765,221.83999633789,293.969310299789,224.83999633789,286.841318552334,226.419998168945,280.825585490431,228.179992675781,275.542226513138,229.300003051757,270.835807557132,230.800003051757,266.222539142722,231.759994506835,261.788139586625,231.699996948242
327.168610671062,208.210006713867,337.412446793135,208.820007324218,350.397128076971,206.690002441406,347.545853865647,207.850006103515,336.15937917138,211.27000427246,325.047709351531,214.570007324218,314.785117431838,217.259994506835,306.410669448775,220.580001831054,297.787093550435,223.669998168945,290.566530481585,225.580001831054,284.472671016281,227.33999633789,279.120696987334,228.639999389648,274.353155707224,229.33999633789,269.679974716004,230.539993286132,265.187985555283,230.389999389648
331.36308003864,207.149993896484,341.738247393047,207.940002441406,354.889398949753,205.710006713867,352.001569940848,206.860000610351,340.469114801783,210.039993286132,329.21498767655,213.27000427246,318.820824065579,216.639999389648,310.339011364785,219.330001831054,301.604876801082,222.479995727539,294.291742410836,224.300003051757,288.119756542131,226.059997558593,282.699167461531,227.83999633789,277.870503857317,228.300003051757,273.137410289286,229.559997558593,268.58783152394,229.259994506835
335.557549406217,206.08999633789,346.064047992959,207.02000427246,359.381669822535,204.720001220703,356.457286016048,205.619995117187,344.778850432185,209.630004882812,333.38226600157,212.02000427246,322.856530699321,215.33999633789,314.267353280795,218.699996948242,305.422660051729,221.729995727539,298.016954340087,223.460006713867,291.76684206798,225.240005493164,286.277637935727,226.960006713867,281.387852007409,227.080001831054,276.594845862568,228.33999633789,271.987677492598,228
339.752018773795,205.02000427246,350.389848592871,205.899993896484,363.873940695316,203.720001220703,360.913002091249,204.52000427246,349.088586062587,208.059997558593,337.54954432659,210.880004882812,326.892237333062,214.039993286132,318.195695196805,217.410003662109,309.240443302375,220.5,301.742166269338,222.190002441406,295.41392759383,224.149993896484,289.856108409924,226.160003662109,284.905200157502,226.289993286132,280.05228143585,227.330001831054,275.387523461255,226.800003051757
343.946488141373,203.899993896484,354.715649192783,204.779998779296,368.366211568098,202.809997558593,365.368718166449,203.710006713867,353.39832169299,206.460006713867,341.716822651609,209.610000610351,330.927943966804,212.869995117187,322.124037112815,216.110000610351,313.058226553022,219.25,305.467378198589,221.369995117187,299.06101311968,223.679992675781,293.434578884121,225.259994506835,288.422548307595,225.490005493164,283.509717009132,226.050003051757,278.787369429913,225.380004882812
348.140957508951,202.490005493164,359.041449792695,204.039993286132,372.85848244088,201.789993286132,369.82443424165,202.830001831054,357.708057323392,205.570007324218,345.884100976629,208.919998168945,334.963650600545,212.380004882812,326.052379028825,215.490005493164,316.876009803668,218.460006713867,309.19259012784,220.139999389648,302.70809864553,222.139999389648,297.013049358317,223.850006103515,291.939896457687,224.240005493164,286.967152582415,224.800003051757,282.18721539857,224.08999633789
352.335426876528,200.199996948242,363.367250392607,203.050003051757,377.350753313661,200.669998168945,374.280150316851,201.289993286132,362.017792953794,204.669998168945,350.051379301649,207.910003662109,338.999357234287,211.279998779296,329.980720944835,214.330001831054,320.693793054315,217.220001220703,312.917802057091,218.910003662109,306.355184171379,221.240005493164,300.591519832514,222.960006713867,295.45724460778,223.190002441406,290.424588155697,223.419998168945,285.587061367228,223.039993286132
356.529896244106,199.679992675781,367.693050992519,202.029998779296,381.843024186443,199.539993286132,378.735866392051,199.919998168945,366.327528584197,203.77000427246,354.218657626668,206.5,343.035063868028,210.179992675781,333.909062860845,213.229995727539,324.511576304962,215.970001220703,316.643013986342,218.059997558593,310.002269697229,219.710006713867,304.169990306711,221.529998779296,298.974592757873,222.5,293.882023728979,222.160003662109,288.986907335885,221.77000427246
360.724365611684,199.419998168945,372.018851592431,201.080001831054,386.335295059225,198.419998168945,383.191582467252,198.550003051757,370.637264214599,202.470001220703,358.385935951688,205.600006103515,347.07077050177,209.029998779296,337.837404776855,212.740005493164,328.329359555608,215.169998168945,320.368225915594,216.779998779296,313.649355223079,218.860000610351,307.748460780907,220.789993286132,302.491940907965,221.490005493164,297.339459302261,220.779998779296,292.386753304543,220.490005493164
364.918834979261,198.550003051757,376.344652192343,200.119995117187,390.827565932006,197.139999389648,387.647298542452,197.419998168945,374.946999845001,200.899993896484,362.553214276707,204.729995727539,351.106477135511,207.559997558593,341.765746692865,211.639999389648,332.147142806255,214,324.093437844845,215.899993896484,317.296440748929,217.570007324218,311.326931255104,219.970001220703,306.009289058058,220.639999389648,300.796894875543,219.389999389648,295.7865992732,219.449996948242
369.113304346839,197.729995727539,380.670452792255,199.25,395.319836804788,195.919998168945,392.103014617653,196.429992675781,379.256735475404,199.889999389648,366.720492601727,203.860000610351,355.142183769253,207.059997558593,345.694088608874,210.419998168945,335.964926056901,212.809997558593,327.818649774096,214.630004882812,320.943526274778,216.27000427246,314.9054017293,219.029998779296,309.526637208151,219.559997558593,304.254330448825,218.289993286132,299.186445241858,218.179992675781
373.307773714417,196.490005493164,384.996253392167,198.130004882812,399.81210767757,194.639999389648,396.558730692854,195.470001220703,383.566471105806,199.410003662109,370.887770926747,203.050003051757,359.177890402994,205.850006103515,349.622430524884,209.169998168945,339.782709307548,211.83999633789,331.543861703347,213.350006103515,324.590611800628,215.429992675781,318.483872203497,217.220001220703,313.043985358243,218.25,307.711766022107,217.240005493164,302.586291210515,216.899993896484
377.502243081995,195.669998168945,389.322053992079,196.979995727539,404.304378550352,193.360000610351,401.014446768054,194.320007324218,387.876206736208,197.83999633789,375.055049251766,201.600006103515,363.213597036736,204.990005493164,353.550772440894,208.380004882812,343.600492558195,210.679992675781,335.269073632598,212.470001220703,328.237697326478,214.130004882812,322.062342677693,216.220001220703,316.561333508336,217.08999633789,311.169201595389,216.539993286132,305.986137179173,215.550003051757
381.696712449572,194.850006103515,393.647854591991,195.820007324218,408.796649423133,192.070007324218,405.470162843255,193.039993286132,392.185942366611,196.479995727539,379.222327576786,200.259994506835,367.249303670477,203.83999633789,357.479114356904,207.33999633789,347.418275808841,209.690002441406,338.994285561849,210.960006713867,331.884782852328,213.289993286132,325.64081315189,214.77000427246,320.078681658428,215.869995117187,314.626637168671,215.229995727539,309.38598314783,214.679992675781
385.89118181715,194.029998779296,397.973655191903,194.720001220703,413.288920295915,190.789993286132,409.925878918455,191.720001220703,396.495677997013,195.5,383.389605901806,198.779998779296,371.285010304219,202.83999633789,361.407456272914,206.039993286132,351.236059059488,208.570007324218,342.7194974911,210.02000427246,335.531868378177,211.990005493164,329.219283626087,213.600006103515,323.596029808521,214.710006713867,318.084072741954,213.699996948242,312.785829116488,213.809997558593
390.085651184728,193.169998168945,402.299455791815,193.660003662109,417.781191168697,189.460006713867,414.381594993656,190.279998779296,400.805413627415,194.539993286132,387.556884226825,197.679992675781,375.32071693796,201.27000427246,365.335798188924,205.330001831054,355.053842310134,207.070007324218,346.444709420351,208.460006713867,339.178953904027,210.949996948242,332.797754100283,212.179992675781,327.113377958614,213.559997558593,321.541508315236,212.350006103515,316.185675085145,211.899993896484
394.280120552305,192.320007324218,406.625256391727,192.600006103515,422.273462041478,188.02000427246,418.837311068857,188.83999633789,405.115149257818,193.630004882812,391.724162551845,197.350006103515,379.356423571702,200.460006713867,369.264140104934,204.119995117187,358.871625560781,205.979995727539,350.169921349602,207.210006713867,342.826039429877,209.5,336.37622457448,210.990005493164,330.630726108706,211.960006713867,324.998943888518,210.529998779296,319.585521053803,209.970001220703
398.474589919883,191.479995727539,410.951056991639,191.550003051757,426.76573291426,186.580001831054,423.293027144057,187.399993896484,409.42488488822,192.25,395.891440876865,196.139999389648,383.392130205443,199.570007324218,373.192482020944,202.910003662109,362.689408811428,204.479995727539,353.895133278853,206.27000427246,346.473124955727,208.300003051757,339.954695048676,209.559997558593,334.148074258799,210.619995117187,328.4563794618,209.130004882812,322.98536702246,208.039993286132
402.669059287461,190.479995727539,415.276857591551,190.399993896484,431.258003787042,185.139999389648,427.748743219258,185.960006713867,413.734620518622,190.809997558593,400.058719201884,194.919998168945,387.427836839185,198.720001220703,377.120823936954,201.669998168945,366.507192062074,203.309997558593,357.620345208104,205.039993286132,350.120210481576,206.720001220703,343.533165522873,208.070007324218,337.665422408891,209.050003051757,331.913815035082,207.58999633789,326.385212991118,206.070007324218
406.863528655039,189.619995117187,419.602658191463,189.119995117187,435.750274659823,184.160003662109,432.204459294459,185.259994506835,418.044356149025,189.360000610351,404.225997526904,193.710006713867,391.463543472926,197.33999633789,381.049165852964,200.83999633789,370.324975312721,202.639999389648,361.345557137356,203.949996948242,353.767296007426,205.630004882812,347.11163599707,206.059997558593,341.182770558984,207.690002441406,335.371250608364,205.910003662109,329.785058959775,204.649993896484
411.057998022616,188.58999633789,423.928458791375,187.83999633789,440.242545532605,183.389999389648,436.660175369659,184.279998779296,422.354091779427,187.910003662109,408.393275851923,192.399993896484,395.499250106668,195.929992675781,384.977507768974,199.240005493164,374.142758563368,201.699996948242,365.070769066607,202.940002441406,357.414381533276,204.220001220703,350.690106471266,204.33999633789,344.700118709077,205.360000610351,338.828686181646,204.220001220703,333.184904928433,203.789993286132
415.252467390194,187.559997558593,428.254259391287,187.130004882812,444.734816405387,181.690002441406,441.11589144486,183.529998779296,426.663827409829,187.220001220703,412.560554176943,190.990005493164,399.534956740409,194.419998168945,388.905849684984,197.630004882812,377.960541814014,200.75,368.795980995858,202.02000427246,361.061467059126,203.100006103515,354.268576945463,202.899993896484,348.217466859169,203.410003662109,342.286121754928,202.380004882812,336.58475089709,201.639999389648
419.446936757772,186.550003051757,432.580059991199,185.720001220703,449.227087278168,180.149993896484,445.57160752006,181.710006713867,430.973563040231,185.910003662109,416.727832501963,190.139999389648,403.570663374151,192.919998168945,392.834191600994,196.419998168945,381.778325064661,199.610000610351,372.521192925109,201.080001831054,364.708552584975,201.759994506835,357.847047419659,201.669998168945,351.734815009262,201.080001831054,345.74355732821,200.149993896484,339.984596865747,199.679992675781
423.64140612535,185.559997558593,436.905860591111,184.619995117187,453.71935815095,178.800003051757,450.027323595261,179.889999389648,435.283298670634,184.600006103515,420.895110826982,188.729995727539,407.606370007892,192.009994506835,396.762533517004,194.800003051757,385.596108315307,197.919998168945,376.24640485436,199.77000427246,368.355638110825,200.289993286132,361.425517893856,200.039993286132,355.252163159355,199.279998779296,349.200992901493,198.169998168945,343.384442834405,198.649993896484
427.835875492927,184.619995117187,441.231661191023,183.669998168945,458.211629023732,177.460006713867,454.483039670462,178.369995117187,439.593034301036,183.289993286132,425.062389152002,187.320007324218,411.642076641634,190.509994506835,400.690875433014,193.190002441406,389.413891565954,196.350006103515,379.971616783611,198.429992675781,372.002723636675,198.83999633789,365.003988368053,198.080001831054,358.769511309447,197.75,352.658428474775,196.27000427246,346.784288803062,197.169998168945
432.030344860505,183.679992675781,445.557461790935,182.619995117187,462.703899896514,176.119995117187,458.938755745662,177.02000427246,443.902769931438,181.940002441406,429.229667477022,185.910003662109,415.677783275375,188.960006713867,404.619217349024,192.029998779296,393.231674816601,195.190002441406,383.696828712862,196.960006713867,375.649809162525,197.490005493164,368.582458842249,196.699996948242,362.28685945954,196.119995117187,356.115864048057,194.740005493164,350.18413477172,195.800003051757
436.224814228083,182.779998779296,449.883262390847,181.229995727539,467.196170769295,174.77000427246,463.394471820863,175.679992675781,448.212505561841,180.229995727539,433.396945802041,184.509994506835,419.713489909117,187.660003662109,408.547559265034,190.490005493164,397.049458067247,193.399993896484,387.422040642113,195.610000610351,379.296894688374,196.070007324218,372.160929316446,195.419998168945,365.804207609632,194.559997558593,359.573299621339,193.199996948242,353.583980740377,194.029998779296
440.41928359566,181.869995117187,454.209062990759,179.820007324218,471.688441642077,173.419998168945,467.850187896063,174.330001831054,452.522241192243,178.699996948242,437.564224127061,183.110000610351,423.749196542858,186.639999389648,412.475901181043,188.990005493164,400.867241317894,192.259994506835,391.147252571364,194.199996948242,382.943980214224,194.690002441406,375.739399790642,194.240005493164,369.321555759725,192.940002441406,363.030735194621,191.75,356.983826709035,192.350006103515
444.613752963238,180.960006713867,458.534863590671,178.399993896484,476.180712514859,172,472.305903971264,173,456.831976822645,177.160003662109,441.73150245208,182.27000427246,427.7849031766,185.199996948242,416.404243097053,187.5,404.68502456854,190.800003051757,394.872464500615,192.809997558593,386.591065740074,193.259994506835,379.317870264839,192.740005493164,372.838903909818,191.369995117187,366.488170767903,190.490005493164,360.383672677692,191.039993286132
448.808222330816,179.860000610351,462.860664190583,176.990005493164,480.67298338764,170.649993896484,476.761620046465,171.660003662109,461.141712453048,175.820007324218,445.8987807771,180.789993286132,431.820609810341,183.759994506835,420.332585013063,186.429992675781,408.502807819187,189.479995727539,398.597676429866,191.52000427246,390.238151265924,191.869995117187,382.896340739036,190.720001220703,376.35625205991,190.27000427246,369.945606341185,189.229995727539,363.78351864635,189.419998168945
453.002691698394,178.759994506835,467.186464790495,175.580001831054,485.165254260422,169.199996948242,481.217336121665,170.25,465.45144808345,175.059997558593,450.06605910212,179.389999389648,435.856316444083,182.33999633789,424.260926929073,184.990005493164,412.320591069834,188.559997558593,402.322888359118,190.130004882812,393.885236791774,190.419998168945,386.474811213232,189.130004882812,379.873600210003,188.729995727539,373.403041914467,187.850006103515,367.183364615007,188.25
457.197161065971,178.100006103515,471.512265390407,174.169998168945,489.657525133204,167.679992675781,485.673052196866,168.720001220703,469.761183713852,173.740005493164,454.233337427139,178,439.892023077824,181.369995117187,428.189268845083,183.550003051757,416.13837432048,187.139999389648,406.048100288369,188.83999633789,397.532322317623,189.149993896484,390.053281687429,188.119995117187,383.390948360096,187.830001831054,376.860477487749,186.58999633789,370.583210583665,187.08999633789
461.391630433549,176.809997558593,475.838065990319,173.509994506835,494.149796005985,166.039993286132,490.128768272066,166.940002441406,474.070919344255,172.410003662109,458.400615752159,176.600006103515,443.927729711566,180.320007324218,432.117610761093,182.600006103515,419.956157571127,185.710006713867,409.77331221762,187.509994506835,401.179407843473,187.690002441406,393.631752161625,187.460006713867,386.908296510188,186.229995727539,380.317913061032,185.830001831054,373.983056552322,185.800003051757
465.586099801127,175.449996948242,480.163866590231,172.199996948242,498.642066878767,164.259994506835,494.584484347267,165.160003662109,478.380654974657,171.080001831054,462.567894077179,175.199996948242,447.963436345307,179.300003051757,436.045952677103,181.199996948242,423.773940821774,184.759994506835,413.498524146871,187.050003051757,404.826493369323,186.419998168945,397.210222635822,186.410003662109,390.425644660281,185.080001831054,383.775348634314,185.25,377.38290252098,185.039993286132
469.780569168704,174.240005493164,484.489667190143,170.880004882812,503.134337751549,162.570007324218,499.040200422468,162.429992675781,482.690390605059,169.529998779296,466.735172402198,174.380004882812,451.999142979049,178.08999633789,439.974294593113,179.869995117187,427.59172407242,183.300003051757,417.223736076122,185.649993896484,408.473578895173,185.229995727539,400.788693110019,185.300003051757,393.942992810374,184.139999389648,387.232784207596,184.25,380.782748489637,184.639999389648
473.975038536282,173.179992675781,488.815467790055,169.570007324218,507.62660862433,160.919998168945,503.495916497668,160.779998779296,487.000126235462,167.820007324218,470.902450727218,172.979995727539,456.03484961279,177.33999633789,443.902636509123,178.800003051757,431.409507323067,181.800003051757,420.948948005373,184.080001831054,412.120664421022,183.789993286132,404.367163584215,183.940002441406,397.460340960466,183.259994506835,390.690219780878,182.779998779296,384.182594458295,183.350006103515
478.16950790386,172.110000610351,493.141268389967,168.25,512.118879497112,159.309997558593,507.951632572869,159.130004882812,491.309861865864,166.119995117187,475.069729052237,171.580001831054,460.070556246532,175.979995727539,447.830978425133,178.050003051757,435.227290573713,180.58999633789,424.674159934624,182.369995117187,415.767749946872,182.380004882812,407.945634058412,182.830001831054,400.977689110559,181.729995727539,394.14765535416,181.429992675781,387.582440426952,181.880004882812
482.363977271438,171.27000427246,497.467068989879,166.809997558593,516.611150369894,157.740005493164,512.40734864807,157.479995727539,495.619597496266,164.410003662109,479.237007377257,170.169998168945,464.106262880273,174.619995117187,451.759320341143,177.080001831054,439.04507382436,178.710006713867,428.399371863875,180.350006103515,419.414835472722,181.119995117187,411.524104532608,181.25,404.495037260651,180.52000427246,397.605090927442,179.960006713867,390.98228639561,180.529998779296
486.558446639015,170.130004882812,501.792869589791,165.279998779296,521.103421242676,156.169998168945,516.86306472327,155.690002441406,499.929333126669,163.119995117187,483.404285702277,168.679992675781,468.141969514015,173.369995117187,455.687662257153,176.110000610351,442.862857075007,177.369995117187,432.124583793126,178.649993896484,423.061920998572,179.649993896484,415.102575006805,179.690002441406,408.012385410744,179.279998779296,401.062526500724,179.029998779296,394.382132364267,179.610000610351
490.752916006593,168.789993286132,506.118670189703,163.679992675781,525.595692115457,154.52000427246,521.318780798471,153.789993286132,504.239068757071,161.33999633789,487.571564027296,167.050003051757,472.177676147757,172.119995117187,459.616004173163,175.210006713867,446.680640325653,176.33999633789,435.849795722377,177.410003662109,426.709006524421,178.330001831054,418.681045481002,178.179992675781,411.529733560837,178.199996948242,404.519962074006,178.119995117187,397.781978332925,178.729995727539
494.947385374171,167.419998168945,510.444470789615,162.110000610351,530.087962988239,152.550003051757,525.774496873671,151.889999389648,508.548804387473,160.389999389648,491.738842352316,166.279998779296,476.213382781498,171.259994506835,463.544346089173,173.83999633789,450.4984235763,175.08999633789,439.575007651629,176.059997558593,430.356092050271,176.800003051757,422.259515955198,177.070007324218,415.047081710929,177.009994506835,407.977397647288,177.199996948242,401.181824301582,177.75
499.141854741749,166.029998779296,514.770271389527,160.490005493164,534.580233861021,150.58999633789,530.230212948872,149.979995727539,512.858540017876,158.52000427246,495.906120677336,165,480.24908941524,169.580001831054,467.472688005183,172.470001220703,454.316206826946,173.990005493164,443.30021958088,174.960006713867,434.003177576121,175.479995727539,425.837986429395,175.970001220703,418.564429861022,175.929992675781,411.43483322057,176.190002441406,404.58167027024,176.940002441406
503.336324109326,164.58999633789,519.096071989439,158.869995117187,539.072504733802,148.619995117187,534.685929024073,148.080001831054,517.168275648278,156.75,500.073399002355,163.889999389648,484.284796048981,167.990005493164,471.401029921193,171.5,458.133990077593,172.740005493164,447.025431510131,173.710006713867,437.650263101971,174.149993896484,429.416456903591,174.830001831054,422.081778011115,174.759994506835,414.892268793853,175.179992675781,407.981516238897,176.130004882812
507.530793476904,163.350006103515,523.421872589351,158.119995117187,543.564775606584,146.58999633789,539.141645099273,146.179992675781,521.47801127868,154.970001220703,504.240677327375,162.470001220703,488.320502682723,166.740005493164,475.329371837203,170.130004882812,461.95177332824,171.479995727539,450.750643439382,172.449996948242,441.29734862782,173.25,432.994927377788,173.929992675781,425.599126161207,173.720001220703,418.349704367135,174.169998168945,411.381362207555,175.160003662109
511.725262844482,162,527.747673189263,156.479995727539,548.057046479366,144.529998779296,543.597361174474,144.27000427246,525.787746909083,153.190002441406,508.407955652395,160.910003662109,492.356209316464,165.949996948242,479.257713753212,168.77000427246,465.769556578886,170.389999389648,454.475855368633,171.369995117187,444.94443415367,171.990005493164,436.573397851985,172.929992675781,429.1164743113,172.710006713867,421.807139940417,173.279998779296,414.781208176212,174.350006103515
515.919732212059,160.669998168945,532.073473789175,154.83999633789,552.549317352147,142.440002441406,548.053077249674,142.369995117187,530.097482539485,151.419998168945,512.575233977414,160.119995117187,496.391915950206,164.699996948242,483.186055669222,167.399993896484,469.587339829533,169.259994506835,458.201067297884,170.119995117187,448.59151967952,171.009994506835,440.151868326181,172.190002441406,432.633822461392,171.619995117187,425.264575513699,172.179992675781,418.181054144869,173.539993286132
520.114201579637,159.229995727539,536.399274389087,153.199996948242,557.041588224929,140.330001831054,552.508793324875,141.399993896484,534.407218169887,149.639999389648,516.742512302434,158.550003051757,500.427622583947,163.050003051757,487.114397585232,166.429992675781,473.405123080179,168.179992675781,461.926279227135,169.050003051757,452.23860520537,169.949996948242,443.730338800378,171.160003662109,436.151170611485,170.630004882812,428.722011086981,171.289993286132,421.580900113527,172.570007324218
524.308670947215,157.529998779296,540.725074988999,151.399993896484,561.533859097711,138.229995727539,556.964509400076,139.119995117187,538.71695380029,147.860000610351,520.909790627454,156.910003662109,504.463329217689,161.83999633789,491.042739501242,165.33999633789,477.222906330826,167.149993896484,465.651491156386,167.800003051757,455.885690731219,168.880004882812,447.308809274574,169.429992675781,439.668518761578,169.649993896484,432.179446660263,170.169998168945,424.980746082184,171.729995727539
528.503140314793,155.820007324218,545.050875588911,149.309997558593,566.026129970492,136.02000427246,561.420225475276,136.740005493164,543.026689430692,146.08999633789,525.077068952473,155.130004882812,508.49903585143,160.949996948242,494.971081417252,164.240005493164,481.040689581473,166.059997558593,469.376703085637,166.809997558593,459.532776257069,167.800003051757,450.887279748771,168.199996948242,443.18586691167,168.740005493164,435.636882233545,169.25,428.380592050842,170.820007324218
532.69760968237,154.149993896484,549.376676188823,147.199996948242,570.518400843274,134,565.875941550477,134.889999389648,547.336425061094,145.320007324218,529.244347277493,153.410003662109,512.534742485172,159.490005493164,498.899423333262,163.08999633789,484.858472832119,164.979995727539,473.101915014888,165.279998779296,463.179861782919,166.559997558593,454.465750222968,167.210006713867,446.703215061763,167.58999633789,439.094317806827,168.360000610351,431.780438019499,169.550003051757
536.892079049948,153.330001831054,553.702476788735,145.199996948242,575.010671716056,131.77000427246,570.331657625677,133.410003662109,551.646160691496,143.610000610351,533.411625602512,151.699996948242,516.570449118913,157.869995117187,502.827765249272,161.660003662109,488.676256082766,163.809997558593,476.827126944139,163.369995117187,466.826947308769,165.669998168945,458.044220697164,166.050003051757,450.220563211855,166.610000610351,442.55175338011,167.350006103515,435.180283988157,168.610000610351
541.086548417526,151.669998168945,558.028277388647,143.080001831054,579.502942588837,129.449996948242,574.787373700878,131.080001831054,555.955896321899,141.83999633789,537.578903927532,150.889999389648,520.606155752655,156.050003051757,506.756107165282,159.949996948242,492.494039333412,161.979995727539,480.552338873391,161.960006713867,470.474032834618,164.789993286132,461.622691171361,164.830001831054,453.737911361948,165.449996948242,446.009188953392,166.460006713867,438.580129956814,167.699996948242
545.281017785103,150.009994506835,562.354077988559,140.75,583.995213461619,125.550003051757,579.243089776079,128.639999389648,560.265631952301,139.910003662109,541.746182252552,149.130004882812,524.641862386396,154.279998779296,510.684449081292,158.470001220703,496.311822584059,160.33999633789,484.277550802642,160.190002441406,474.121118360468,163.429992675781,465.201161645557,163.279998779296,457.255259512041,164.470001220703,449.466624526674,165.449996948242,441.979975925472,166.550003051757
549.475487152681,148.240005493164,566.679878588471,138.419998168945,588.487484334401,124.680000305175,583.698805851279,126.029998779296,564.575367582703,137.880004882812,545.913460577571,147.369995117187,528.677569020138,153.289993286132,514.612790997302,156.460006713867,500.129605834706,158.83999633789,488.002762731893,159.02000427246,477.768203886318,161.449996948242,468.779632119754,162.050003051757,460.772607662133,163.490005493164,452.924060099956,164.860000610351,445.379821894129,165.699996948242
553.669956520259,146.309997558593,571.005679188382,137.509994506835,592.979755207183,122.690002441406,588.15452192648,123.379997253417,568.885103213106,135,550.080738902591,145.610000610351,532.713275653879,151.559997558593,518.541132913312,154,503.947389085352,157.199996948242,491.727974661144,157.699996948242,481.415289412168,159.850006103515,472.358102593951,160.740005493164,464.289955812226,162.380004882812,456.381495673238,164.309997558593,448.779667862787,164.660003662109
557.864425887837,144.449996948242,575.331479788294,135.179992675781,597.472026079964,120.360000610351,592.61023800168,120.730003356933,573.194838843508,132.570007324218,554.248017227611,143.83999633789,536.748982287621,149.830001831054,522.469474829322,151.660003662109,507.765172335999,155.710006713867,495.453186590395,156.240005493164,485.062374938017,157.929992675781,475.936573068147,159.490005493164,467.807303962319,161.389999389648,459.83893124652,163.309997558593,452.179513831444,163.899993896484
562.058895255414,143.630004882812,579.657280388206,132.850006103515,601.964296952746,117.860000610351,597.065954076881,118.120002746582,577.50457447391,129.779998779296,558.41529555263,142,540.784688921362,148.100006103515,526.397816745332,150.149993896484,511.582955586646,153.77000427246,499.178398519646,155.169998168945,488.709460463867,156.27000427246,479.515043542344,157.960006713867,471.324652112411,159.850006103515,463.296366819802,162.52000427246,455.579359800102,163.139999389648
566.253364622992,141.77000427246,583.983080988118,130.509994506835,606.456567825528,115.370002746582,601.521670152082,115.620002746582,581.814310104313,126.970001220703,562.58257387765,141.02000427246,544.820395555104,147.110000610351,530.326158661342,148.470001220703,515.400738837292,151.479995727539,502.903610448897,153.699996948242,492.356545989717,154.789993286132,483.09351401654,156.559997558593,474.842000262504,159.029998779296,466.753802393084,161.33999633789,458.979205768759,162.100006103515
570.44783399057,139.809997558593,588.30888158803,128.190002441406,610.948838698309,112.830001831054,605.977386227282,113.360000610351,586.124045734715,124.160003662109,566.749852202669,139.160003662109,548.856102188845,145.380004882812,534.254500577352,146.789993286132,519.218522087939,149.600006103515,506.628822378148,152.539993286132,496.003631515567,153.490005493164,486.671984490737,154.860000610351,478.359348412596,157.699996948242,470.211237966366,160.509994506835,462.379051737417,161.419998168945
574.642303358148,137.699996948242,592.634682187942,125.940002441406,615.441109571091,110.120002746582,610.433102302483,110.900001525878,590.433781365117,123.58999633789,570.917130527689,137.279998779296,552.891808822587,143.649993896484,538.182842493362,145.279998779296,523.036305338585,147.440002441406,510.354034307399,150.479995727539,499.650717041416,152.059997558593,490.250454964934,153.910003662109,481.876696562689,156.899993896484,473.668673539649,159.669998168945,465.778897706074,160.580001831054
578.836772725725,135.470001220703,596.960482787855,123.540000915527,619.933380443873,107.300003051757,614.888818377684,108.300003051757,594.74351699552,121.889999389648,575.084408852709,135.210006713867,556.927515456328,141.919998168945,542.111184409372,143.740005493164,526.854088589232,145.830001831054,514.07924623665,148.419998168945,503.297802567266,150.649993896484,493.82892543913,152.610000610351,485.394044712782,155.580001831054,477.126109112931,158.470001220703,469.178743674732,159.539993286132
583.031242093303,133.08999633789,601.286283387767,121.139999389648,624.425651316654,104.389999389648,619.344534452884,105.540000915527,599.053252625922,118.900001525878,579.251687177728,132.860000610351,560.96322209007,140.910003662109,546.039526325382,142.33999633789,530.671871839879,144.440002441406,517.804458165901,146.889999389648,506.944888093116,149.33999633789,497.407395913327,151.710006713867,488.911392862874,154.77000427246,480.583544686213,157.630004882812,472.578589643389,158.789993286132
587.225711460881,130.389999389648,605.612083987679,118.290000915527,628.917922189436,101.470001220703,623.800250528085,102.779998779296,603.362988256324,115.769996643066,583.418965502748,130.279998779296,564.998928723811,139.059997558593,549.967868241391,141.080001831054,534.489655090525,142.830001831054,521.529670095153,144.830001831054,510.591973618966,147.960006713867,500.985866387523,150.610000610351,492.428741012967,153.970001220703,484.040980259495,156.789993286132,475.978435612047,158.029998779296
591.420180828458,129.350006103515,609.93788458759,115.529998779296,633.410193062218,98.7900009155273,628.255966603285,100.019996643066,607.672723886727,112.449996948242,587.586243827768,129.149993896484,569.034635357553,137.179992675781,553.896210157401,139.720001220703,538.307438341172,141.220001220703,525.254882024404,143.740005493164,514.239059144816,146.690002441406,504.56433686172,149.710006713867,495.94608916306,152.660003662109,487.498415832777,155.600006103515,479.378281580704,156.990005493164
595.614650196036,126.75,614.263685187502,113.480003356933,637.902463934999,96.4800033569336,632.711682678486,97.9599990844726,611.982459517129,109.819999694824,591.753522152787,126.730003356933,573.070341991294,135.300003051757,557.824552073411,138.380004882812,542.125221591818,139.949996948242,528.980093953655,142.220001220703,517.886144670665,145.08999633789,508.142807335917,148.610000610351,499.463437313152,151.869995117187,490.955851406059,154.759994506835,482.778127549362,156.240005493164
599.809119563614,124.150001525878,618.589485787414,112.349998474121,642.394734807781,94.0800018310546,637.167398753686,96.5199966430664,616.292195147531,107.519996643066,595.920800477807,124.230003356933,577.106048625036,133.419998168945,561.752893989421,137.029998779296,545.943004842465,138.539993286132,532.705305882906,140.690002441406,521.533230196515,144.059997558593,511.721277810113,147.690002441406,502.980785463245,150.52000427246,494.413286979341,153.570007324218,486.177973518019,155.479995727539
604.003588931192,122.33999633789,622.915286387326,109.540000915527,646.887005680563,91.6699981689453,641.623114828887,94.5999984741211,620.601930777934,105.220001220703,600.088078802826,121.739997863769,581.141755258777,132.039993286132,565.681235905431,135.679992675781,549.760788093112,136.910003662109,536.430517812157,139.610000610351,525.180315722365,142.630004882812,515.29974828431,145.539993286132,506.498133613337,149.669998168945,497.870722552623,152.729995727539,489.577819486677,154.449996948242
608.198058298769,119.019996643066,627.241086987238,106.75,651.379276553344,89.5999984741211,646.078830904088,92.5599975585937,624.911666408336,102.930000305175,604.255357127846,119.069999694824,585.177461892519,129.940002441406,569.609577821441,134.300003051757,553.578571343758,135.889999389648,540.155729741408,138.080001831054,528.827401248215,141.58999633789,518.878218758506,145.050003051757,510.01548176343,148.490005493164,501.328158125905,152.169998168945,492.977665455334,153.690002441406
612.392527666347,115.559997558593,631.56688758715,103.970001220703,655.871547426126,87.9899978637695,650.534546979288,89.1100006103515,629.221402038738,100.629997253417,608.422635452866,117.709999084472,589.21316852626,127.790000915527,573.537919737451,132.860000610351,557.396354594405,134.259994506835,543.880941670659,137.029998779296,532.474486774064,140.08999633789,522.456689232703,143.789993286132,513.532829913523,148.080001831054,504.785593699187,151.240005493164,496.377511423992,152.940002441406
616.586997033925,114.050003051757,635.892688187062,101.169998168945,660.363818298908,87.7300033569336,654.990263054489,87.7799987792968,633.531137669141,99.9300003051757,612.589913777885,114.870002746582,593.248875160002,125.379997253417,577.466261653461,130.08999633789,561.214137845052,133.309997558593,547.60615359991,135.08999633789,536.121572299914,139.100006103515,526.0351597069,143.410003662109,517.050178063615,146.860000610351,508.24302927247,150.779998779296,499.777357392649,151.899993896484
620.781466401502,111.309997558593,640.218488786974,98.75,660.363818298908,87.7300033569336,659.44597912969,87.4400024414062,637.840873299543,97.7699966430664,616.757192102905,112.330001831054,597.284581793743,124.190002441406,581.394603569471,128.729995727539,565.031921095698,131.710006713867,551.331365529161,133.350006103515,539.768657825764,137.710006713867,529.613630181096,142.210006713867,520.567526213708,146.039993286132,511.700464845752,149.869995117187,503.177203361306,151.179992675781
624.97593576908,108.160003662109,644.544289386886,96.9899978637695,,,659.44597912969,87.4400024414062,642.150608929945,96.75,620.924470427925,109.900001525878,601.320288427485,121.949996948242,585.322945485481,127.110000610351,568.849704346345,129.699996948242,555.056577458412,132.160003662109,543.415743351614,136.570007324218,533.192100655293,141.710006713867,524.084874363801,144.690002441406,515.157900419034,149.389999389648,506.577049329964,150.199996948242
629.170405136658,105.269996643066,648.870089986798,95.2300033569336,,,,,646.460344560348,94.1699981689453,625.091748752944,107.949996948242,605.355995061227,119.529998779296,589.251287401491,125.569999694824,572.667487596991,128.460006713867,558.781789387663,130.570007324218,547.062828877463,134.830001831054,536.770571129489,140.539993286132,527.602222513893,143.779998779296,518.615335992316,148.759994506835,509.976895298621,149.479995727539
633.364874504236,102.660003662109,653.19589058671,92.9400024414062,,,,,650.77008019075,91.5899963378906,629.259027077964,105.769996643066,609.391701694968,117.01000213623,593.179629317501,124.370002746582,576.485270847638,126.379997253417,562.507001316915,129.509994506835,550.709914403313,133.240005493164,540.349041603686,139.509994506835,531.119570663986,142.639999389648,522.072771565598,146.25,513.376741267279,148.759994506835
637.559343871813,100.25,657.521691186622,90.370002746582,,,,,655.079815821152,89.0100021362304,633.426305402984,104.76000213623,613.427408328709,115.790000915527,597.107971233511,122.51000213623,580.303054098285,124.650001525878,566.232213246166,127.730003356933,554.356999929163,132.190002441406,543.927512077883,138.25,534.636918814079,141.33999633789,525.53020713888,145.470001220703,516.776587235936,147.789993286132
641.753813239391,98.6600036621093,661.847491786534,88.1800003051757,,,,,659.389551451554,87.7099990844726,637.593583728003,102.419998168945,617.463114962451,113.08999633789,601.036313149521,120.33999633789,584.120837348931,123.290000915527,569.957425175417,126.519996643066,558.004085455013,130.610000610351,547.505982552079,137.25,538.154266964171,140.58999633789,528.987642712162,144.229995727539,520.176433204594,147.070007324218
645.948282606969,97.9800033569336,666.173292386446,87.5100021362304,,,,,659.389551451554,87.7099990844726,641.760862053023,100.080001831054,621.498821596193,110.099998474121,604.964655065531,118.870002746582,587.938620599578,121.849998474121,573.682637104668,124.629997253417,561.651170980862,129.559997558593,551.084453026276,135.729995727539,541.671615114264,139.240005493164,532.445078285444,143.449996948242,523.576279173251,146.229995727539
650.142751974547,95.9599990844726,666.173292386446,87.5100021362304,,,,,,,645.928140378042,97.7399978637695,625.534528229934,106.76000213623,608.892996981541,116.720001220703,591.756403850225,120.410003662109,577.407849033919,122.809997558593,565.298256506712,127.980003356933,554.662923500473,134.940002441406,545.188963264356,138.479995727539,535.902513858726,142.679992675781,526.976125141909,145.179992675781
654.337221342124,93.8199996948242,,,,,,,,,650.095418703062,94.9599990844726,629.570234863676,104.419998168945,612.821338897551,113.919998168945,595.574187100871,118.940002441406,581.13306096317,121.580001831054,568.945342032562,126.930000305175,558.241393974669,133.210006713867,548.706311414449,137.080001831054,539.359949432009,141.429992675781,530.375971110566,144.380004882812
658.531690709702,90.9899978637695,,,,,,,,,654.262697028082,91.2900009155273,633.605941497417,103.059997558593,616.74968081356,110.959999084472,599.391970351518,116.629997253417,584.858272892421,119.83999633789,572.592427558412,124.120002746582,561.819864448866,132.419998168945,552.223659564542,136.320007324218,542.817385005291,140.660003662109,533.775817079224,143.580001831054
662.72616007728,88.2200012207031,,,,,,,,,654.262697028082,91.2900009155273,637.641648131159,100.889999389648,620.67802272957,109.169998168945,603.209753602164,114.639999389648,588.583484821672,118.879997253417,576.239513084262,122.76000213623,565.398334923062,130.660003662109,555.741007714634,134.899993896484,546.274820578573,139.410003662109,537.175663047881,142.529998779296
662.72616007728,88.2200012207031,,,,,,,,,,,641.6773547649,99.5899963378906,624.60636464558,106.51000213623,607.027536852811,113.300003051757,592.308696750923,117.33999633789,579.886598610111,121.08999633789,568.976805397259,129.699996948242,559.258355864727,134.130004882812,549.732256151855,138.639999389648,540.575509016539,141.710006713867
663.445046305791,88.2200012207031,,,,,,,,,,,645.713061398642,98.3000030517578,628.53470656159,104.330001831054,610.845320103458,111.309997558593,596.033908680174,115.129997253417,583.533684135961,120.400001525878,572.555275871455,127.660003662109,562.775704014819,133.360000610351,553.189691725137,137.860000610351,543.975354985196,140.889999389648
663.445046305791,88.2200012207031,,,,,,,,,,,649.748768032383,97.4599990844726,632.4630484776,102.800003051757,614.663103354104,109.919998168945,599.759120609426,113.949996948242,587.180769661811,118.730003356933,576.133746345652,126.849998474121,566.293052164912,131.940002441406,556.647127298419,136.610000610351,547.375200953854,139.639999389648
,,,,,,,,,,,,653.784474666125,94.0100021362304,636.39139039361,100.610000610351,618.480886604751,107.930000305175,603.484332538677,112.559997558593,590.82785518766,117.040000915527,579.712216819849,125.220001220703,569.810400315005,131.169998168945,560.104562871701,135.809997558593,550.775046922511,138.360000610351
,,,,,,,,,,,,657.820181299866,90.1699981689453,640.31973230962,99.0199966430664,622.298669855397,105.930000305175,607.209544467928,111.389999389648,594.47494071351,116.349998474121,583.290687294045,124.449996948242,573.327748465097,129.490005493164,563.561998444983,134.559997558593,554.174892891169,137.050003051757
,,,,,,,,,,,,657.820181299866,90.1699981689453,644.24807422563,97.9599990844726,626.116453106044,104.489997863769,610.934756397179,109.190002441406,598.12202623936,114.819999694824,586.869157768242,122.779998779296,576.84509661519,128.440002441406,567.019434018265,133.479995727539,557.574738859826,135.460006713867
,,,,,,,,,,,,,,648.17641614164,97.1299972534179,629.934236356691,102.660003662109,614.65996832643,107.050003051757,601.76911176521,114.209999084472,590.447628242438,121.940002441406,580.362444765283,126.989997863769,570.476869591548,132.639999389648,560.974584828484,134.300003051757
,,,,,,,,,,,,,,652.10475805765,95.4499969482421,633.752019607337,100.889999389648,618.385180255681,105.529998779296,605.41619729106,112.440002441406,594.026098716635,120.279998779296,583.879792915375,126.139999389648,573.93430516483,131.08999633789,564.374430797141,132.710006713867
,,,,,,,,,,,,,,656.03309997366,93.7099990844726,637.569802857984,99.5699996948242,622.110392184932,103.459999084472,609.063282816909,111.410003662109,597.604569190832,119.440002441406,587.397141065468,124.720001220703,577.391740738112,129.970001220703,567.774276765799,131.470001220703
,,,,,,,,,,,,,,659.96144188967,92.2799987792968,641.38758610863,97.1500015258789,625.835604114183,102.51000213623,612.710368342759,109.25,601.183039665028,117.569999694824,590.91448921556,123.870002746582,580.849176311394,128.429992675781,571.174122734456,130.330001831054
,,,,,,,,,,,,,,659.96144188967,92.2799987792968,645.205369359277,95.0800018310546,629.560816043434,100.970001220703,616.357453868609,108.209999084472,604.761510139225,116.58999633789,594.431837365653,122.889999389648,584.306611884676,127.25,574.573968703114,128.630004882812
,,,,,,,,,,,,,,,,649.023152609924,93.9199981689453,633.286027972685,99.4100036621093,620.004539394459,106.059997558593,608.339980613422,114.720001220703,597.949185515746,120.819999694824,587.764047457958,125.33999633789,577.973814671771,127.529998779296
,,,,,,,,,,,,,,,,652.84093586057,91.9899978637695,637.011239901937,98.5299987792968,623.651624920308,105.029998779296,611.918451087618,113.470001220703,601.466533665838,119.300003051757,591.22148303124,123.239997863769,581.373660640429,126.419998168945
,,,,,,,,,,,,,,,,656.658719111217,90.0800018310546,640.736451831188,97.0100021362304,627.298710446158,102.489997863769,615.496921561815,110.870002746582,604.983881815931,116.949996948242,594.678918604522,121.370002746582,584.773506609086,124.819999694824
,,,,,,,,,,,,,,,,660.476502361863,89.0800018310546,644.461663760439,96.1999969482421,630.945795972008,100.050003051757,619.075392036011,109.720001220703,608.501229966024,115.33999633789,598.136354177804,118.629997253417,588.173352577743,122.629997253417
,,,,,,,,,,,,,,,,660.476502361863,89.0800018310546,648.18687568969,94.3600006103515,634.592881497858,97.0699996948242,622.653862510208,106.129997253417,612.018578116116,112.699996948242,601.593789751087,113.58999633789,591.573198546401,120.26000213623
,,,,,,,,,,,,,,,,,,651.912087618941,92.8000030517578,638.239967023707,95.0400009155273,626.232332984404,102.919998168945,615.535926266209,109.699996948242,605.051225324369,111.150001525878,594.973044515059,117.58999633789
,,,,,,,,,,,,,,,,,,655.637299548192,91.2099990844726,641.887052549557,92.9199981689453,629.810803458601,99.5299987792968,619.053274416302,106.180000305175,608.508660897651,109.019996643066,598.372890483716,114.919998168945
,,,,,,,,,,,,,,,,,,659.362511477443,90.4400024414062,645.534138075407,90.9300003051757,633.389273932798,97.5599975585937,622.570622566394,104.029998779296,611.966096470933,108.930000305175,601.772736452373,114.169998168945
,,,,,,,,,,,,,,,,,,659.362511477443,90.4400024414062,649.181223601257,90.620002746582,636.967744406994,96.3099975585937,626.087970716487,102.730003356933,615.423532044215,108.269996643066,605.172582421031,113.150001525878
,,,,,,,,,,,,,,,,,,,,652.828309127106,89.8499984741211,640.546214881191,96.3300018310546,629.605318866579,102.540000915527,618.880967617497,108.169998168945,608.572428389688,112.830001831054
,,,,,,,,,,,,,,,,,,,,656.475394652956,89.4000015258789,644.124685355387,95.4400024414062,633.122667016672,102.400001525878,622.338403190779,107.620002746582,611.972274358346,113
,,,,,,,,,,,,,,,,,,,,656.475394652956,89.4000015258789,647.703155829584,95.4700012207031,636.640015166765,101.959999084472,625.795838764061,105.720001220703,615.372120327003,111.400001525878
,,,,,,,,,,,,,,,,,,,,,,651.281626303781,94.0199966430664,640.157363316857,102.050003051757,629.253274337343,103.470001220703,618.771966295661,109.919998168945
,,,,,,,,,,,,,,,,,,,,,,654.860096777977,92.3600006103515,643.67471146695,100.069999694824,632.710709910626,100.629997253417,622.171812264318,107.610000610351
,,,,,,,,,,,,,,,,,,,,,,658.438567252174,89.2600021362304,647.192059617042,98.2399978637695,636.168145483908,98.2099990844726,625.571658232976,105.5
,,,,,,,,,,,,,,,,,,,,,,658.438567252174,89.2600021362304,650.709407767135,95.4499969482421,639.62558105719,96.1100006103515,628.971504201633,103.739997863769
,,,,,,,,,,,,,,,,,,,,,,,,654.226755917228,92.2699966430664,643.083016630472,94.0100021362304,632.371350170291,101.550003051757
,,,,,,,,,,,,,,,,,,,,,,,,654.226755917228,92.2699966430664,646.540452203754,92.120002746582,635.771196138948,99.5500030517578
,,,,,,,,,,,,,,,,,,,,,,,,,,649.997887777036,90.3899993896484,639.171042107606,97.3600006103515
,,,,,,,,,,,,,,,,,,,,,,,,,,653.455323350318,89.8799972534179,642.570888076263,94.6600036621093
,,,,,,,,,,,,,,,,,,,,,,,,,,653.455323350318,89.8799972534179,645.970734044921,92.4800033569336
,,,,,,,,,,,,,,,,,,,,,,,,,,,,649.370580013578,90.3099975585937
,,,,,,,,,,,,,,,,,,,,,,,,,,,,652.770425982236,88.4400024414062
,,,,,,,,,,,,,,,,,,,,,,,,,,,,656.170271950893,88.6999969482421
,,,,,,,,,,,,,,,,,,,,,,,,,,,,656.170271950893,88.6999969482421
